"Year","Men_Bucket","Women_Bucket","Total_Men","Total_Women","Top_Jobs_Men","Top_Jobs_Women"
2013,"$10000-20000","$10000-20000",229045,176252,"",""
2013,"$10000-20000","$20000-30000",1191,2749,"",""
2013,"$20000-30000","$10000-20000",2718084,3125287,"",""
2013,"$20000-30000","$20000-30000",8454153,6648865,"",""
2013,"$20000-30000","$30000-40000",42575,145754,"",""
2013,"$20000-30000",NA,17564,171,"","...Plasterers and stucco masons"
2013,"$30000-40000","$10000-20000",48331,3488,"",""
2013,"$30000-40000","$20000-30000",16966254,10354549,"",""
2013,"$30000-40000","$30000-40000",6726917,12994282,"",""
2013,"$30000-40000","$40000-50000",22795,3016,"",""
2013,"$30000-40000","$1e+05-110000",1989,94,"",""
2013,"$30000-40000",NA,60187,269,"","...Manufactured building and mobile home installers; ...Reinforcing iron and rebar workers; ...Cement masons, concrete finishers, and terrazzo workers; ...Paving, surfacing, and tamping equipment operators; ...Septic tank servicers and sewer pipe cleaners"
2013,"$40000-50000","$10000-20000",4635,106,"",""
2013,"$40000-50000","$20000-30000",3008671,232447,"",""
2013,"$40000-50000","$30000-40000",22948024,7750541,"",""
2013,"$40000-50000","$40000-50000",6103958,2862791,"",""
2013,"$40000-50000","$50000-60000",140034,6174,"",""
2013,"$40000-50000",NA,22461,168,"","...Riggers; ...Fish and game wardens; ...Roustabouts, oil and gas"
2013,"$50000-60000","$20000-30000",9450,8562,"",""
2013,"$50000-60000","$30000-40000",6197273,4284919,"",""
2013,"$50000-60000","$40000-50000",14232751,15414429,"",""
2013,"$50000-60000","$50000-60000",1139244,555751,"",""
2013,"$50000-60000","$60000-70000",37343,1960,"",""
2013,"$50000-60000","$70000-80000",706,337,"",""
2013,"$50000-60000",NA,11973,192,"","...Rail-track laying and maintenance equipment operators; ...Commercial divers; ...Electrical and electronics installers and repairers, transportation equipment"
2013,"$60000-70000","$30000-40000",29284,368,"",""
2013,"$60000-70000","$40000-50000",1555824,1404233,"",""
2013,"$60000-70000","$50000-60000",3957881,2316865,"",""
2013,"$60000-70000","$60000-70000",1334524,2189531,"",""
2013,"$60000-70000","$80000-90000",98259,1185,"",""
2013,"$60000-70000","$130000-140000",23425,1708,"",""
2013,"$60000-70000",NA,7971,59,"","...Railroad brake, signal, and switch operators; ...Roof bolters, mining"
2013,"$70000-80000","$30000-40000",28274,1006,"",""
2013,"$70000-80000","$40000-50000",24538,26947,"",""
2013,"$70000-80000","$50000-60000",3537481,4234982,"",""
2013,"$70000-80000","$60000-70000",8610682,3255272,"",""
2013,"$70000-80000","$70000-80000",8556,2011,"",""
2013,"$70000-80000","$80000-90000",10765,1606,"",""
2013,"$70000-80000","$90000-1e+05",1603,330,"",""
2013,"$70000-80000",NA,4440,30,"","...Signal and track switch repairers; ...Mine shuttle car operators"
2013,"$80000-90000","$40000-50000",26520,32265,"",""
2013,"$80000-90000","$50000-60000",1647689,4137270,"",""
2013,"$80000-90000","$60000-70000",6246703,3090511,"",""
2013,"$80000-90000","$70000-80000",1252316,509625,"",""
2013,"$80000-90000","$80000-90000",60758,10434,"",""
2013,"$80000-90000","$1e+05-110000",7886,544,"",""
2013,"$90000-1e+05","$50000-60000",618186,598507,"",""
2013,"$90000-1e+05","$60000-70000",655879,440625,"",""
2013,"$90000-1e+05","$70000-80000",111119,74185,"",""
2013,"$90000-1e+05","$80000-90000",1323051,279307,"",""
2013,"$90000-1e+05","$90000-1e+05",84233,7476,"",""
2013,"$1e+05-110000","$50000-60000",85054,3915,"",""
2013,"$1e+05-110000","$60000-70000",44484,20883,"",""
2013,"$1e+05-110000","$80000-90000",9222,3771,"",""
2013,"$1e+05-110000","$90000-1e+05",514340,226909,"",""
2013,"$1e+05-110000","$1e+05-110000",7563,1796,"",""
2013,"$1e+05-110000","$120000-130000",20619,2606,"",""
2013,"$110000-120000","$60000-70000",691164,685028,"",""
2013,"$110000-120000","$70000-80000",3623,935,"",""
2013,"$110000-120000","$80000-90000",32209,23672,"",""
2013,"$110000-120000","$1e+05-110000",16642,6558,"",""
2013,"$120000-130000","$60000-70000",5184,1573,"",""
2013,"$120000-130000","$80000-90000",23443,14280,"",""
2013,"$120000-130000","$90000-1e+05",798698,251171,"",""
2013,"$120000-130000","$1e+05-110000",568201,284659,"",""
2013,"$120000-130000","$110000-120000",219749,118560,"",""
2013,"$150000-160000","$1e+05-110000",74382,23180,"",""
2013,"$150000-160000","$140000-150000",8259,13405,"",""
2013,"$2e+05-210000","$140000-150000",495061,242485,"",""
2013,NA,"$90000-1e+05",0,2817,"...Nurse midwives",""
2014,"$10000-20000","$10000-20000",150114,124542,"",""
2014,"$20000-30000","$10000-20000",2345178,2195032,"",""
2014,"$20000-30000","$20000-30000",9567928,9978523,"",""
2014,"$20000-30000","$30000-40000",14171,7736,"",""
2014,"$20000-30000","$40000-50000",65994,1618,"",""
2014,"$30000-40000","$10000-20000",129622,2754,"",""
2014,"$30000-40000","$20000-30000",11149398,6348243,"",""
2014,"$30000-40000","$30000-40000",6845461,13607055,"",""
2014,"$30000-40000","$40000-50000",63325,2484,"",""
2014,"$30000-40000","$50000-60000",66435,1117,"",""
2014,"$30000-40000","$60000-70000",5074,553,"",""
2014,"$30000-40000",NA,35115,566,"","...Motion picture projectionists; ...Paving, surfacing, and tamping equipment operators; ...Paperhangers; ...Fence erectors; ...Helpers--extraction workers; ...Commercial divers"
2014,"$40000-50000","$0-10000",6738,464,"",""
2014,"$40000-50000","$10000-20000",48435,1414,"",""
2014,"$40000-50000","$20000-30000",5496170,1873021,"",""
2014,"$40000-50000","$30000-40000",26661534,7374509,"",""
2014,"$40000-50000","$40000-50000",6630857,3127655,"",""
2014,"$40000-50000","$50000-60000",45406,4933,"",""
2014,"$40000-50000","$60000-70000",6932,430,"",""
2014,"$40000-50000",NA,20608,665,"","...Roustabouts, oil and gas; ...Riggers; ...Cooling and freezing equipment operators and tenders"
2014,"$50000-60000","$20000-30000",12470,348,"",""
2014,"$50000-60000","$30000-40000",7351838,4547275,"",""
2014,"$50000-60000","$40000-50000",11950676,15221288,"",""
2014,"$50000-60000","$50000-60000",2538295,865971,"",""
2014,"$50000-60000","$60000-70000",27568,2186,"",""
2014,"$50000-60000",NA,28785,367,"","...Earth drillers, except oil and gas; ...Electrical and electronics installers and repairers, transportation equipment; ...Railroad brake, signal, and switch operators; ...Mine shuttle car operators"
2014,"$60000-70000","$20000-30000",62603,1351,"",""
2014,"$60000-70000","$30000-40000",124717,8087,"",""
2014,"$60000-70000","$40000-50000",1125339,1098065,"",""
2014,"$60000-70000","$50000-60000",4302447,2565450,"",""
2014,"$60000-70000","$60000-70000",825012,2144218,"",""
2014,"$60000-70000","$70000-80000",10095,2838,"",""
2014,"$60000-70000","$1e+05-110000",30023,904,"",""
2014,"$70000-80000","$30000-40000",9440,887,"",""
2014,"$70000-80000","$40000-50000",123437,147388,"",""
2014,"$70000-80000","$50000-60000",5819358,8882198,"",""
2014,"$70000-80000","$60000-70000",7331126,3317422,"",""
2014,"$70000-80000","$70000-80000",228970,107747,"",""
2014,"$70000-80000","$80000-90000",98434,827,"",""
2014,"$70000-80000",NA,7305,104,"","...Roof bolters, mining; ...Signal and track switch repairers"
2014,"$80000-90000","$50000-60000",65627,36669,"",""
2014,"$80000-90000","$60000-70000",5255065,2404245,"",""
2014,"$80000-90000","$70000-80000",4063320,1493157,"",""
2014,"$80000-90000","$80000-90000",41961,22562,"",""
2014,"$80000-90000","$120000-130000",2899,423,"",""
2014,"$80000-90000",NA,20987,5,"","...Elevator installers and repairers"
2014,"$90000-1e+05","$40000-50000",26420,29219,"",""
2014,"$90000-1e+05","$50000-60000",4690,57425,"",""
2014,"$90000-1e+05","$60000-70000",925629,861977,"",""
2014,"$90000-1e+05","$70000-80000",70359,45399,"",""
2014,"$90000-1e+05","$80000-90000",1537528,289542,"",""
2014,"$1e+05-110000","$20000-30000",2937,182,"",""
2014,"$1e+05-110000","$50000-60000",151873,60278,"",""
2014,"$1e+05-110000","$60000-70000",299662,99336,"",""
2014,"$1e+05-110000","$70000-80000",15957,8099,"",""
2014,"$1e+05-110000","$80000-90000",530007,191838,"",""
2014,"$1e+05-110000","$90000-1e+05",46857,134481,"",""
2014,"$1e+05-110000","$1e+05-110000",31968,10527,"",""
2014,"$110000-120000","$70000-80000",2824,10314,"",""
2014,"$110000-120000","$80000-90000",30616,24137,"",""
2014,"$120000-130000","$50000-60000",1760,575,"",""
2014,"$120000-130000","$60000-70000",687842,676240,"",""
2014,"$120000-130000","$90000-1e+05",30179,16919,"",""
2014,"$120000-130000","$1e+05-110000",24334,2102,"",""
2014,"$120000-130000","$110000-120000",101904,108424,"",""
2014,"$120000-130000","$120000-130000",127411,12575,"",""
2014,"$130000-140000","$90000-1e+05",5080,1500,"",""
2014,"$130000-140000","$1e+05-110000",1350281,524795,"",""
2014,"$150000-160000","$120000-130000",78254,24957,"",""
2014,"$160000-170000","$140000-150000",8875,11151,"",""
2014,"$210000-220000","$150000-160000",461288,225539,"",""
2014,NA,"$90000-1e+05",0,4490,"...Nurse midwives",""
2015,"$10000-20000","$10000-20000",99882,42698,"",""
2015,"$20000-30000","$10000-20000",1409149,777686,"",""
2015,"$20000-30000","$20000-30000",9273540,11112409,"",""
2015,"$20000-30000","$30000-40000",95075,3227,"",""
2015,"$20000-30000","$40000-50000",15706,704,"",""
2015,"$20000-30000",NA,8497,291,"","Paving, surfacing, and tamping equipment operators"
2015,"$30000-40000","$10000-20000",31449,17374,"",""
2015,"$30000-40000","$20000-30000",16117997,7905600,"",""
2015,"$30000-40000","$30000-40000",9161489,13349820,"",""
2015,"$30000-40000","$40000-50000",123284,14704,"",""
2015,"$30000-40000","$50000-60000",33215,640,"",""
2015,"$30000-40000","$70000-80000",2026,1803,"",""
2015,"$30000-40000",NA,8505,10,"","Reinforcing iron and rebar workers; Electrical and electronics installers and repairers, transportation equipment"
2015,"$40000-50000","$10000-20000",5846,236,"",""
2015,"$40000-50000","$20000-30000",6051011,2005693,"",""
2015,"$40000-50000","$30000-40000",27086020,7934679,"",""
2015,"$40000-50000","$40000-50000",7434422,3207099,"",""
2015,"$40000-50000","$50000-60000",17920,59156,"",""
2015,"$40000-50000","$60000-70000",3855,320,"",""
2015,"$40000-50000",NA,19217,267,"","Paperhangers; Roustabouts, oil and gas; Helpers--extraction workers; Commercial divers; Tool grinders, filers, and sharpeners"
2015,"$50000-60000","$20000-30000",65448,3812,"",""
2015,"$50000-60000","$30000-40000",6804188,4643433,"",""
2015,"$50000-60000","$40000-50000",11755012,15067975,"",""
2015,"$50000-60000","$50000-60000",3208034,1039917,"",""
2015,"$50000-60000","$60000-70000",4552,376,"",""
2015,"$50000-60000",NA,22111,327,"","Rail-track laying and maintenance equipment operators; Bridge and lock tenders; Tank car, truck, and ship loaders"
2015,"$60000-70000","$20000-30000",4271,7013,"",""
2015,"$60000-70000","$30000-40000",3149,7109,"",""
2015,"$60000-70000","$40000-50000",1505909,1412857,"",""
2015,"$60000-70000","$50000-60000",3978303,2285101,"",""
2015,"$60000-70000","$60000-70000",397876,1995919,"",""
2015,"$60000-70000",NA,7433,206,"","Signal and track switch repairers; Ship engineers; Mine shuttle car operators"
2015,"$70000-80000","$30000-40000",144568,5281,"",""
2015,"$70000-80000","$40000-50000",122976,153346,"",""
2015,"$70000-80000","$50000-60000",4733570,5139674,"",""
2015,"$70000-80000","$60000-70000",1903956,971684,"",""
2015,"$70000-80000","$70000-80000",179489,65443,"",""
2015,"$70000-80000","$1e+05-110000",26336,482,"",""
2015,"$70000-80000",NA,2799,0,"","Roof bolters, mining"
2015,"$80000-90000","$50000-60000",1733826,4620651,"",""
2015,"$80000-90000","$60000-70000",9228112,4578282,"",""
2015,"$80000-90000","$70000-80000",6019271,1845926,"",""
2015,"$80000-90000","$80000-90000",227897,44376,"",""
2015,"$80000-90000","$1e+05-110000",8253,1026,"",""
2015,"$90000-1e+05","$50000-60000",21315,28134,"",""
2015,"$90000-1e+05","$60000-70000",1005928,923086,"",""
2015,"$90000-1e+05","$70000-80000",407252,257040,"",""
2015,"$90000-1e+05","$80000-90000",669241,88280,"",""
2015,"$90000-1e+05","$90000-1e+05",94936,8877,"",""
2015,"$90000-1e+05","$1e+05-110000",10002,830,"",""
2015,"$1e+05-110000","$50000-60000",145614,62312,"",""
2015,"$1e+05-110000","$60000-70000",309583,99738,"",""
2015,"$1e+05-110000","$70000-80000",14331,24217,"",""
2015,"$1e+05-110000","$80000-90000",872238,230306,"",""
2015,"$1e+05-110000","$90000-1e+05",561004,297541,"",""
2015,"$1e+05-110000","$1e+05-110000",47775,8491,"",""
2015,"$110000-120000","$90000-1e+05",29870,15107,"",""
2015,"$110000-120000","$1e+05-110000",5449,667,"",""
2015,"$120000-130000","$60000-70000",698172,693994,"",""
2015,"$120000-130000","$70000-80000",29676,24223,"",""
2015,"$120000-130000","$1e+05-110000",19258,12010,"",""
2015,"$120000-130000","$110000-120000",98435,113204,"",""
2015,"$120000-130000","$130000-140000",130504,12188,"",""
2015,"$130000-140000","$1e+05-110000",569258,309832,"",""
2015,"$130000-140000","$110000-120000",25358,3564,"",""
2015,"$140000-150000","$1e+05-110000",796280,244595,"",""
2015,"$150000-160000","$120000-130000",68320,27393,"",""
2015,"$170000-180000","$140000-150000",10381,12452,"",""
2015,"$220000-230000","$150000-160000",477655,237706,"",""
2015,NA,"$90000-1e+05",53,4118,"Nurse midwives",""
2016,"$10000-20000","$10000-20000",91810,18703,"",""
2016,"$20000-30000","$10000-20000",244662,301922,"",""
2016,"$20000-30000","$20000-30000",7586039,9028373,"",""
2016,"$20000-30000","$30000-40000",33720,3027,"",""
2016,"$20000-30000","$60000-70000",423,1030,"",""
2016,"$30000-40000","$10000-20000",6977,6018,"",""
2016,"$30000-40000","$20000-30000",19010879,9923560,"",""
2016,"$30000-40000","$30000-40000",4613626,4343783,"",""
2016,"$30000-40000","$40000-50000",9589,4630,"",""
2016,"$30000-40000","$50000-60000",239956,1976,"",""
2016,"$30000-40000",NA,37215,121,"","Cement masons, concrete finishers, and terrazzo workers"
2016,"$40000-50000","$10000-20000",10480,462,"",""
2016,"$40000-50000","$20000-30000",6705100,2676156,"",""
2016,"$40000-50000","$30000-40000",32098218,16869911,"",""
2016,"$40000-50000","$40000-50000",6640509,4001337,"",""
2016,"$40000-50000","$50000-60000",441918,36224,"",""
2016,"$40000-50000",NA,40887,445,"","Reinforcing iron and rebar workers; Earth drillers, except oil and gas; Roustabouts, oil and gas; Commercial divers; Manufactured building and mobile home installers; Mine shuttle car operators; Tank car, truck, and ship loaders"
2016,"$50000-60000","$20000-30000",47446,8132,"",""
2016,"$50000-60000","$30000-40000",6320176,4365802,"",""
2016,"$50000-60000","$40000-50000",11424398,13344137,"",""
2016,"$50000-60000","$50000-60000",2414687,2831812,"",""
2016,"$50000-60000","$60000-70000",8893,926,"",""
2016,"$50000-60000","$70000-80000",44643,1029,"",""
2016,"$50000-60000",NA,19471,364,"","Boilermakers; Helpers--extraction workers; Electrical and electronics installers and repairers, transportation equipment; Hoist and winch operators"
2016,"$60000-70000","$30000-40000",11189,453,"",""
2016,"$60000-70000","$40000-50000",1919055,1154497,"",""
2016,"$60000-70000","$50000-60000",3864655,2497475,"",""
2016,"$60000-70000","$60000-70000",127525,68494,"",""
2016,"$60000-70000","$70000-80000",5663,1641,"",""
2016,"$60000-70000","$90000-1e+05",41142,334,"",""
2016,"$60000-70000",NA,3317,236,"","Railroad brake, signal, and switch operators"
2016,"$70000-80000","$40000-50000",128840,32676,"",""
2016,"$70000-80000","$50000-60000",5632110,5413886,"",""
2016,"$70000-80000","$60000-70000",2885693,3583907,"",""
2016,"$70000-80000","$70000-80000",351476,309128,"",""
2016,"$70000-80000","$150000-160000",15545,90,"",""
2016,"$70000-80000",NA,9506,372,"","Transit and railroad police; Roof bolters, mining; Signal and track switch repairers; Ship engineers"
2016,"$80000-90000","$40000-50000",71579,56686,"",""
2016,"$80000-90000","$50000-60000",1863860,4787629,"",""
2016,"$80000-90000","$60000-70000",3378985,2483862,"",""
2016,"$80000-90000","$70000-80000",11711889,3745424,"",""
2016,"$80000-90000","$80000-90000",632011,122482,"",""
2016,"$80000-90000",NA,1811,165,"","Agricultural engineers"
2016,"$90000-1e+05","$60000-70000",100020,121469,"",""
2016,"$90000-1e+05","$70000-80000",565008,367568,"",""
2016,"$90000-1e+05","$80000-90000",705022,93265,"",""
2016,"$90000-1e+05","$90000-1e+05",50244,7063,"",""
2016,"$90000-1e+05","$1e+05-110000",86504,6368,"",""
2016,"$1e+05-110000","$60000-70000",1210176,1038167,"",""
2016,"$1e+05-110000","$80000-90000",992465,255805,"",""
2016,"$1e+05-110000","$90000-1e+05",625295,173326,"",""
2016,"$110000-120000","$50000-60000",142840,56699,"",""
2016,"$110000-120000","$70000-80000",8464,9452,"",""
2016,"$110000-120000","$80000-90000",33085,2621,"",""
2016,"$110000-120000","$1e+05-110000",57161,156770,"",""
2016,"$120000-130000","$60000-70000",682419,722686,"",""
2016,"$120000-130000","$80000-90000",32986,25558,"",""
2016,"$120000-130000","$90000-1e+05",17769,7428,"",""
2016,"$120000-130000","$1e+05-110000",18087,9047,"",""
2016,"$120000-130000","$110000-120000",97539,117126,"",""
2016,"$130000-140000","$80000-90000",1035,253,"",""
2016,"$130000-140000","$1e+05-110000",568630,322458,"",""
2016,"$130000-140000","$130000-140000",131956,12856,"",""
2016,"$140000-150000","$1e+05-110000",819038,255313,"",""
2016,"$150000-160000","$110000-120000",85381,30584,"",""
2016,"$170000-180000","$150000-160000",10941,15312,"",""
2016,"$230000-240000","$160000-170000",489748,253635,"",""
2016,NA,"$1e+05-110000",0,4001,"Nurse midwives",""
2017,"$10000-20000","$20000-30000",3013,3493,"",""
2017,"$20000-30000","$10000-20000",16958,20365,"",""
2017,"$20000-30000","$20000-30000",6595374,7215283,"",""
2017,"$20000-30000","$30000-40000",3354,19964,"",""
2017,"$20000-30000","$50000-60000",10959,445,"",""
2017,"$30000-40000","$10000-20000",20590,4460,"",""
2017,"$30000-40000","$20000-30000",18170379,11870610,"",""
2017,"$30000-40000","$30000-40000",7155060,4483024,"",""
2017,"$30000-40000","$40000-50000",31493,9801,"",""
2017,"$30000-40000","$50000-60000",139778,1805,"",""
2017,"$30000-40000",NA,16862,130,"","Plasterers and stucco masons"
2017,"$40000-50000","$20000-30000",6532197,2568549,"",""
2017,"$40000-50000","$30000-40000",32216471,16816958,"",""
2017,"$40000-50000","$40000-50000",8029557,4315637,"",""
2017,"$40000-50000","$50000-60000",82211,199377,"",""
2017,"$40000-50000","$60000-70000",19363,336,"",""
2017,"$40000-50000",NA,19525,514,"","Reinforcing iron and rebar workers; Roustabouts, oil and gas; Helpers--extraction workers; Commercial divers; Manufactured building and mobile home installers; Milling and planing machine setters, operators, and tenders, metal and plastic"
2017,"$50000-60000","$10000-20000",4682,507,"",""
2017,"$50000-60000","$20000-30000",96491,7170,"",""
2017,"$50000-60000","$30000-40000",6322169,4323546,"",""
2017,"$50000-60000","$40000-50000",7468157,6450810,"",""
2017,"$50000-60000","$50000-60000",2889633,3988814,"",""
2017,"$50000-60000","$60000-70000",22837,1105,"",""
2017,"$50000-60000","$70000-80000",533,2241,"",""
2017,"$50000-60000","$80000-90000",3692,265,"",""
2017,"$50000-60000",NA,1225,51,"","Roof bolters, mining"
2017,"$60000-70000","$20000-30000",4230,489,"",""
2017,"$60000-70000","$30000-40000",44877,13046,"",""
2017,"$60000-70000","$40000-50000",5380753,7994309,"",""
2017,"$60000-70000","$50000-60000",3511003,2024466,"",""
2017,"$60000-70000","$60000-70000",1271395,519444,"",""
2017,"$60000-70000",NA,8846,271,"","Rail-track laying and maintenance equipment operators; Electrical and electronics installers and repairers, transportation equipment"
2017,"$70000-80000","$30000-40000",798,823,"",""
2017,"$70000-80000","$40000-50000",21021,30697,"",""
2017,"$70000-80000","$50000-60000",4906514,4674290,"",""
2017,"$70000-80000","$60000-70000",4182647,4887555,"",""
2017,"$70000-80000","$70000-80000",113190,121162,"",""
2017,"$70000-80000","$80000-90000",41908,3670,"",""
2017,"$70000-80000","$150000-160000",2812,253,"",""
2017,"$80000-90000","$40000-50000",49999,65604,"",""
2017,"$80000-90000","$50000-60000",32630,4635,"",""
2017,"$80000-90000","$60000-70000",5491334,7571356,"",""
2017,"$80000-90000","$70000-80000",12310848,4150634,"",""
2017,"$80000-90000","$80000-90000",563408,116451,"",""
2017,"$80000-90000",NA,5434,238,"","Agricultural engineers; Signal and track switch repairers"
2017,"$90000-1e+05","$50000-60000",4348,1982,"",""
2017,"$90000-1e+05","$60000-70000",124002,83137,"",""
2017,"$90000-1e+05","$70000-80000",636139,453171,"",""
2017,"$90000-1e+05","$80000-90000",582973,82337,"",""
2017,"$90000-1e+05","$90000-1e+05",65608,10586,"",""
2017,"$1e+05-110000","$40000-50000",18553,21115,"",""
2017,"$1e+05-110000","$50000-60000",2140,1362,"",""
2017,"$1e+05-110000","$60000-70000",656498,614676,"",""
2017,"$1e+05-110000","$70000-80000",709002,493103,"",""
2017,"$1e+05-110000","$80000-90000",241945,64220,"",""
2017,"$1e+05-110000","$90000-1e+05",1538506,410996,"",""
2017,"$1e+05-110000","$1e+05-110000",102143,129561,"",""
2017,"$110000-120000","$70000-80000",9524,10583,"",""
2017,"$110000-120000","$90000-1e+05",52532,60382,"",""
2017,"$110000-120000","$1e+05-110000",115178,13477,"",""
2017,"$120000-130000","$60000-70000",688587,715311,"",""
2017,"$120000-130000","$80000-90000",31989,28844,"",""
2017,"$120000-130000","$90000-1e+05",17250,7032,"",""
2017,"$120000-130000","$1e+05-110000",15769,10863,"",""
2017,"$120000-130000","$110000-120000",17654,2954,"",""
2017,"$120000-130000","$120000-130000",99370,111516,"",""
2017,"$130000-140000","$110000-120000",143563,16138,"",""
2017,"$140000-150000","$1e+05-110000",568535,320159,"",""
2017,"$140000-150000","$110000-120000",831158,266890,"",""
2017,"$140000-150000","$120000-130000",4880,1882,"",""
2017,"$160000-170000","$120000-130000",66304,28389,"",""
2017,"$170000-180000","$160000-170000",9717,14362,"",""
2017,"$240000-250000","$170000-180000",488416,274511,"",""
2017,NA,"$1e+05-110000",0,3279,"Nurse midwives",""
2017,NA,NA,149,0,"Mine shuttle car operators","Mine shuttle car operators"
2018,"$10000-20000","$10000-20000",1789,7699,"",""
2018,"$10000-20000","$30000-40000",573,33135,"",""
2018,"$20000-30000","$10000-20000",50388,35415,"",""
2018,"$20000-30000","$20000-30000",6104825,7121994,"",""
2018,"$20000-30000","$30000-40000",22277,28925,"",""
2018,"$30000-40000","$10000-20000",110080,2974,"",""
2018,"$30000-40000","$20000-30000",19598894,11921246,"",""
2018,"$30000-40000","$30000-40000",7243667,4539823,"",""
2018,"$30000-40000","$40000-50000",214243,11316,"",""
2018,"$30000-40000","$70000-80000",101492,467,"",""
2018,"$30000-40000",NA,3692,47,"","Manufactured building and mobile home installers"
2018,"$40000-50000","$20000-30000",1295202,706837,"",""
2018,"$40000-50000","$30000-40000",36362745,17028471,"",""
2018,"$40000-50000","$40000-50000",7157737,4586388,"",""
2018,"$40000-50000","$50000-60000",204342,6767,"",""
2018,"$40000-50000",NA,6907,107,"","Septic tank servicers and sewer pipe cleaners; Electrical and electronics installers and repairers, transportation equipment"
2018,"$50000-60000","$20000-30000",19798,309,"",""
2018,"$50000-60000","$30000-40000",8434481,5694210,"",""
2018,"$50000-60000","$40000-50000",4150931,2031867,"",""
2018,"$50000-60000","$50000-60000",2729628,3713040,"",""
2018,"$50000-60000","$60000-70000",27092,168083,"",""
2018,"$50000-60000","$70000-80000",72930,2528,"",""
2018,"$50000-60000","$80000-90000",4642,601,"",""
2018,"$50000-60000",NA,40978,526,"","Reinforcing iron and rebar workers; Rail-track laying and maintenance equipment operators; Excavating and loading machine and dragline operators, surface mining; Roustabouts, oil and gas; Wind turbine service technicians; Riggers"
2018,"$60000-70000","$30000-40000",61395,30445,"",""
2018,"$60000-70000","$40000-50000",8016717,12280524,"",""
2018,"$60000-70000","$50000-60000",4103812,2716727,"",""
2018,"$60000-70000","$60000-70000",208000,168971,"",""
2018,"$60000-70000","$70000-80000",133296,8846,"",""
2018,"$60000-70000","$80000-90000",24579,322,"",""
2018,"$60000-70000",NA,10665,164,"","Boilermakers"
2018,"$70000-80000","$30000-40000",11831,19719,"",""
2018,"$70000-80000","$40000-50000",33725,53780,"",""
2018,"$70000-80000","$50000-60000",2566936,1777471,"",""
2018,"$70000-80000","$60000-70000",8083572,8808878,"",""
2018,"$70000-80000","$70000-80000",138679,168248,"",""
2018,"$80000-90000","$10000-20000",23468,213,"",""
2018,"$80000-90000","$50000-60000",284354,190710,"",""
2018,"$80000-90000","$60000-70000",5501058,7581127,"",""
2018,"$80000-90000","$70000-80000",13086874,4550714,"",""
2018,"$80000-90000","$80000-90000",277055,30636,"",""
2018,"$80000-90000",NA,1907,35,"","Nuclear technicians"
2018,"$90000-1e+05","$40000-50000",1069,1103,"",""
2018,"$90000-1e+05","$50000-60000",92519,105352,"",""
2018,"$90000-1e+05","$60000-70000",188235,461249,"",""
2018,"$90000-1e+05","$70000-80000",490644,518492,"",""
2018,"$90000-1e+05","$80000-90000",1094401,645587,"",""
2018,"$90000-1e+05","$90000-1e+05",41051,2231,"",""
2018,"$90000-1e+05",NA,3165,0,"","Ship engineers"
2018,"$1e+05-110000","$60000-70000",689510,640591,"",""
2018,"$1e+05-110000","$70000-80000",294619,156533,"",""
2018,"$1e+05-110000","$80000-90000",246176,39007,"",""
2018,"$1e+05-110000","$90000-1e+05",669752,100250,"",""
2018,"$1e+05-110000","$1e+05-110000",37353,5662,"",""
2018,"$110000-120000","$70000-80000",38866,6248,"",""
2018,"$110000-120000","$80000-90000",103138,5997,"",""
2018,"$110000-120000","$90000-1e+05",1042142,255642,"",""
2018,"$110000-120000","$1e+05-110000",408633,282131,"",""
2018,"$120000-130000","$60000-70000",709246,723689,"",""
2018,"$120000-130000","$70000-80000",233304,93667,"",""
2018,"$120000-130000","$80000-90000",34255,27326,"",""
2018,"$120000-130000","$90000-1e+05",45117,22631,"",""
2018,"$120000-130000","$1e+05-110000",53804,77398,"",""
2018,"$120000-130000","$120000-130000",121148,138281,"",""
2018,"$130000-140000","$90000-1e+05",270,480,"",""
2018,"$130000-140000","$130000-140000",149509,16709,"",""
2018,"$140000-150000","$110000-120000",584308,332162,"",""
2018,"$150000-160000","$110000-120000",832690,268474,"",""
2018,"$170000-180000","$120000-130000",6180,1795,"",""
2018,"$180000-190000","$140000-150000",69160,33434,"",""
2018,"$190000-2e+05","$160000-170000",11012,12774,"",""
2018,"$230000-240000","$180000-190000",440501,261509,"",""
2018,NA,"$1e+05-110000",0,4337,"Nurse midwives",""
2018,NA,"$220000-230000",9403,2471,"Radiologists",""
2018,NA,"$230000-240000",37410,8252,"Surgeons",""
2018,NA,NA,2465,681,"Emergency medicine physicians","Emergency medicine physicians"
2019,"$10000-20000","$40000-50000",1445,3122,"",""
2019,"$20000-30000","$20000-30000",5840930,6870670,"",""
2019,"$20000-30000","$30000-40000",111177,66189,"",""
2019,"$20000-30000",NA,2450,0,"","Manufactured building and mobile home installers"
2019,"$30000-40000","$10000-20000",8594,556,"",""
2019,"$30000-40000","$20000-30000",11886432,7981127,"",""
2019,"$30000-40000","$30000-40000",5557848,7558974,"",""
2019,"$30000-40000",NA,21302,36,"","Plasterers and stucco masons"
2019,"$40000-50000","$20000-30000",8210462,2185818,"",""
2019,"$40000-50000","$30000-40000",39953296,17457093,"",""
2019,"$40000-50000","$40000-50000",2030976,4654457,"",""
2019,"$40000-50000","$50000-60000",64485,132198,"",""
2019,"$40000-50000","$80000-90000",49101,505,"",""
2019,"$40000-50000",NA,22807,298,"","Solar photovoltaic installers; Excavating and loading machine and dragline operators, surface mining; Roustabouts, oil and gas"
2019,"$50000-60000","$20000-30000",87538,4587,"",""
2019,"$50000-60000","$30000-40000",7443823,5636604,"",""
2019,"$50000-60000","$40000-50000",10657562,2734073,"",""
2019,"$50000-60000","$50000-60000",2223677,2872344,"",""
2019,"$50000-60000","$60000-70000",6434,1757,"",""
2019,"$50000-60000","$70000-80000",26036,1304,"",""
2019,"$50000-60000","$120000-130000",4048,196,"",""
2019,"$60000-70000","$20000-30000",54069,1323,"",""
2019,"$60000-70000","$40000-50000",3786594,5072455,"",""
2019,"$60000-70000","$50000-60000",8818990,11550290,"",""
2019,"$60000-70000","$60000-70000",198974,411326,"",""
2019,"$60000-70000","$80000-90000",133164,6357,"",""
2019,"$60000-70000","$90000-1e+05",1016,112,"",""
2019,"$60000-70000",NA,19806,177,"","Boilermakers; Rail-track laying and maintenance equipment operators"
2019,"$70000-80000","$20000-30000",2554,350,"",""
2019,"$70000-80000","$40000-50000",200415,205432,"",""
2019,"$70000-80000","$50000-60000",2059576,1146938,"",""
2019,"$70000-80000","$60000-70000",3926766,4041172,"",""
2019,"$70000-80000","$70000-80000",411435,324807,"",""
2019,"$70000-80000","$80000-90000",13765,2806,"",""
2019,"$80000-90000","$40000-50000",107919,7000,"",""
2019,"$80000-90000","$50000-60000",142818,182121,"",""
2019,"$80000-90000","$60000-70000",7440391,11266245,"",""
2019,"$80000-90000","$70000-80000",10168988,3952171,"",""
2019,"$80000-90000","$80000-90000",238142,61896,"",""
2019,"$80000-90000","$1e+05-110000",8741,685,"",""
2019,"$80000-90000",NA,2832,28,"","Ship engineers"
2019,"$90000-1e+05","$50000-60000",45685,51144,"",""
2019,"$90000-1e+05","$60000-70000",2498780,1356290,"",""
2019,"$90000-1e+05","$70000-80000",4529992,1858680,"",""
2019,"$90000-1e+05","$80000-90000",1093375,902057,"",""
2019,"$90000-1e+05","$90000-1e+05",370600,47387,"",""
2019,"$90000-1e+05","$1e+05-110000",99158,8545,"",""
2019,"$1e+05-110000","$30000-40000",2230,1071,"",""
2019,"$1e+05-110000","$50000-60000",458,1319,"",""
2019,"$1e+05-110000","$60000-70000",577392,696564,"",""
2019,"$1e+05-110000","$70000-80000",361431,166070,"",""
2019,"$1e+05-110000","$80000-90000",102046,35578,"",""
2019,"$1e+05-110000","$90000-1e+05",735452,132713,"",""
2019,"$1e+05-110000","$1e+05-110000",56392,12677,"",""
2019,"$110000-120000","$60000-70000",148731,55131,"",""
2019,"$110000-120000","$70000-80000",257830,105920,"",""
2019,"$110000-120000","$1e+05-110000",1772798,602569,"",""
2019,"$120000-130000","$70000-80000",11417,1608,"",""
2019,"$120000-130000","$80000-90000",32348,31489,"",""
2019,"$120000-130000","$90000-1e+05",66857,50028,"",""
2019,"$120000-130000","$1e+05-110000",181780,92705,"",""
2019,"$120000-130000","$120000-130000",113493,136311,"",""
2019,"$130000-140000","$70000-80000",715108,777404,"",""
2019,"$130000-140000","$90000-1e+05",2441,939,"",""
2019,"$130000-140000","$1e+05-110000",36565,25483,"",""
2019,"$130000-140000","$120000-130000",20704,5012,"",""
2019,"$140000-150000","$140000-150000",149081,18583,"",""
2019,"$150000-160000","$110000-120000",591281,355442,"",""
2019,"$150000-160000","$120000-130000",932743,335274,"",""
2019,"$150000-160000","$130000-140000",5439,2129,"",""
2019,"$160000-170000","$140000-150000",77891,36619,"",""
2019,"$180000-190000","$170000-180000",14105,19394,"",""
2019,NA,"$1e+05-110000",0,4769,"Nurse midwives",""
2019,NA,"$180000-190000",434314,264002,"Other physicians",""
2019,NA,"$220000-230000",39345,9150,"Surgeons",""
2019,NA,"$230000-240000",9348,4393,"Emergency medicine physicians",""
2019,NA,NA,14817,4604,"Radiologists","Radiologists"
2020,"$0-10000","$0-10000",102120,82052,"",""
2020,"$0-10000",NA,15726,1530,"","Facilities managers; Farmers, ranchers, and other agricultural managers; Architectural and engineering managers; Cost estimators; Information security analysts; Software quality assurance analysts and testers; Web developers; Database administrators and architects; Network and computer systems administrators; Computer network architects; Architects, except landscape and naval; Aerospace engineers; Chemical engineers; Computer hardware engineers; Electrical and electronics engineers; Industrial engineers, including health and safety; Mechanical engineers; Other drafters; Electrical and electronic engineering technologists and technicians; Chemists and materials scientists; Occupational health and safety specialists and technicians; Artists and related workers; Coaches and scouts; Emergency medical technicians; First-line supervisors of police and detectives; Firefighters; Detectives and criminal investigators; Dining room and cafeteria attendants and bartender helpers; Dishwashers; First-line supervisors of landscaping, lawn service, and groundskeeping workers; Pest control workers; Landscaping and groundskeeping workers; Tree trimmers and pruners; Parts salespersons; Securities, commodities, and financial services sales agents; First-line supervisors of construction trades and extraction workers; Brickmasons, blockmasons, and stonemasons; Carpenters; Carpet, floor, and tile installers and finishers; Cement masons, concrete finishers, and terrazzo workers; Construction laborers; Construction equipment operators; Drywall installers, ceiling tile installers, and tapers; Electricians; Painters and paperhangers; Plumbers, pipefitters, and steamfitters; Roofers; Sheet metal workers; Construction and building inspectors; Highway maintenance workers; First-line supervisors of mechanics, installers, and repairers; Computer, automated teller, and office machine repairers; Radio and telecommunications equipment installers and repairers; Security and fire alarm systems installers; Aircraft mechanics and service technicians; Automotive body and related repairers; Automotive service technicians and mechanics; Bus and truck mechanics and diesel engine specialists; Heavy vehicle and mobile equipment service technicians and mechanics; Miscellaneous vehicle and mobile equipment mechanics, installers, and repairers; Heating, air conditioning, and refrigeration mechanics and installers; Industrial and refractory machinery mechanics; Maintenance and repair workers, general; Millwrights; Electrical power-line installers and repairers; Telecommunications line installers and repairers; Precision instrument and equipment repairers; Other installation, maintenance, and repair workers; Electrical, electronics, and electromechanical assemblers; Food processing workers, all other; Computer numerically controlled tool operators and programmers; Cutting, punching, and press machine setters, operators, and tenders, metal and plastic; Machinists; Welding, soldering, and brazing workers; Printing press operators; Water and wastewater treatment plant and system operators; Crushing, grinding, polishing, mixing, and blending workers; Painting workers; Supervisors of transportation and material moving workers; Aircraft pilots and flight engineers; Taxi drivers; Motor vehicle operators, all other; Transportation service attendants; Industrial truck and tractor operators; Cleaners of vehicles and equipment; Refuse and recyclable material collectors"
2020,NA,"$0-10000",1526,6930,"Public relations and fundraising managers; Compensation, benefits, and job analysis specialists; Training and development specialists; Meeting, convention, and event planners; Fundraisers; Insurance underwriters; Other psychologists; Substance abuse and behavioral disorder counselors; Mental health counselors; Counselors, all other; Child, family, and school social workers; Healthcare social workers; Social and human service assistants; Other community and social service specialists; Paralegals and legal assistants; Title examiners, abstractors, and searchers; Preschool and kindergarten teachers; Librarians and media collections specialists; Other educational instruction and library workers; Interior designers; Public relations specialists; Writers and authors; Dietitians and nutritionists; Physician assistants; Occupational therapists; Respiratory therapists; Speech-language pathologists; Therapists, all other; Nurse practitioners; Dental hygienists; Diagnostic medical sonographers; Veterinary technologists and technicians; Medical records specialists; Home health aides; Dental assistants; Medical assistants; Phlebotomists; Food servers, nonrestaurant; Supervisors of personal care and service workers; Animal caretakers; Hairdressers, hairstylists, and cosmetologists; Manicurists and pedicurists; Childcare workers; Recreation workers; Bill and account collectors; Billing and posting clerks; Payroll and timekeeping clerks; Tellers; Financial clerks, all other; Court, municipal, and license clerks; Eligibility interviewers, government programs; File clerks; Hotel, motel, and resort desk clerks; Interviewers, except eligibility and loan; Loan interviewers and clerks; Information and record clerks, all other; Public safety telecommunicators; Executive secretaries and executive administrative assistants; Medical secretaries and administrative assistants; Insurance claims and policy processing clerks; Laundry and dry-cleaning workers; Sewing machine operators",""
2020,NA,NA,4837,3233,"Legislators; Advertising and promotions managers; Administrative services managers; Compensation and benefits managers; Training and development managers; Funeral home managers; Entertainment and recreation managers; Lodging managers; Natural sciences managers; Postmasters and mail superintendents; Emergency management directors; Personal service managers, all other; Agents and business managers of artists, performers, and athletes; Buyers and purchasing agents, farm products; Property appraisers and assessors; Budget analysts; Credit analysts; Financial examiners; Tax examiners and collectors, and revenue agents; Tax preparers; Other financial specialists; Computer and information research scientists; Web and digital interface designers; Actuaries; Mathematicians; Statisticians; Other mathematical science occupations; Landscape architects; Surveyors, cartographers, and photogrammetrists; Agricultural engineers; Bioengineers and biomedical engineers; Environmental engineers; Marine engineers and naval architects; Materials engineers; Mining and geological engineers, including mining safety engineers; Nuclear engineers; Petroleum engineers; Architectural and civil drafters; Surveying and mapping technicians; Agricultural and food scientists; Biological scientists; Conservation scientists and foresters; Life scientists, all other; Astronomers and physicists; Atmospheric and space scientists; Environmental scientists and specialists, including health; Geoscientists and hydrologists, except geographers; Economists; Survey researchers; Clinical and counseling psychologists; School psychologists; Sociologists; Urban and regional planners; Miscellaneous social scientists and related workers; Agricultural and food science technicians; Biological technicians; Chemical technicians; Environmental science and geoscience technicians; Nuclear technicians; Social science research assistants; Marriage and family therapists; Rehabilitation counselors; Mental health and substance abuse social workers; Directors, religious activities and education; Religious workers, all other; Judicial law clerks; Judges, magistrates, and other judicial workers; Legal support workers, all other; Tutors; Archivists, curators, and museum technicians; Library technicians; Commercial and industrial designers; Fashion designers; Floral designers; Merchandise displayers and window trimmers; Actors; Athletes and sports competitors; Umpires, referees, and other sports officials; Dancers and choreographers; Music directors and composers; Musicians and singers; Disc jockeys, except radio; Entertainers and performers, sports and related workers, all other; Broadcast announcers and radio disc jockeys; News analysts, reporters, and journalists; Editors; Technical writers; Interpreters and translators; Court reporters and simultaneous captioners; Media and communication workers, all other; Broadcast, sound, and lighting technicians; Photographers; Television, video, and film camera operators and editors; Media and communication equipment workers, all other; Chiropractors; Dentists; Optometrists; Emergency medicine physicians; Radiologists; Surgeons; Podiatrists; Audiologists; Radiation therapists; Recreational therapists; Exercise physiologists; Veterinarians; Nurse anesthetists; Nurse midwives; Acupuncturists; Healthcare diagnosing or treating practitioners, all other; Cardiovascular technologists and technicians; Magnetic resonance imaging technologists; Nuclear medicine technologists and medical dosimetrists; Paramedics; Psychiatric technicians; Surgical technologists; Dietetic technicians and ophthalmic medical technicians; Opticians, dispensing; Other healthcare practitioners and technical occupations; Orderlies and psychiatric aides; Occupational therapy assistants and aides; Physical therapist assistants and aides; Massage therapists; Medical transcriptionists; Pharmacy aides; Veterinary assistants and laboratory animal caretakers; First-line supervisors of correctional officers; First-line supervisors of firefighting and prevention workers; First-line supervisors of security workers; First-line supervisors of protective service workers, all other; Fire inspectors; Bailiffs; Fish and game wardens; Parking enforcement workers; Animal control workers; Private detectives and investigators; Crossing guards and flaggers; Transportation security screeners; School bus monitors; Other protective service workers; Hosts and hostesses, restaurant, lounge, and coffee shop; Food preparation and serving related workers, all other; Other grounds maintenance workers; Animal trainers; Gambling services workers; Ushers, lobby attendants, and ticket takers; Other entertainment attendants and related workers; Embalmers, crematory operators, and funeral attendants; Morticians, undertakers, and funeral arrangers; Barbers; Skincare specialists; Other personal appearance workers; Baggage porters, bellhops, and concierges; Tour and travel guides; Exercise trainers and group fitness instructors; Residential advisors; Personal care and service workers, all other; Counter and rental clerks; Travel agents; Models, demonstrators, and product promoters; Sales engineers; Telemarketers; Door-to-door sales workers, news and street vendors, and related workers; Switchboard operators, including answering service; Telephone operators; Communications equipment operators, all other; Gambling cage workers; Procurement clerks; Brokerage clerks; Correspondence clerks; Credit authorizers, checkers, and clerks; Library assistants, clerical; New accounts clerks; Order clerks; Human resources assistants, except payroll and timekeeping; Reservation and transportation ticket agents and travel clerks; Cargo and freight agents; Meter readers, utilities; Postal service clerks; Postal service mail sorters, processors, and processing machine operators; Weighers, measurers, checkers, and samplers, recordkeeping; Legal secretaries and administrative assistants; Word processors and typists; Desktop publishers; Mail clerks and mail machine operators, except postal service; Office machine operators, except computer; Proofreaders and copy markers; Statistical assistants; First-line supervisors of farming, fishing, and forestry workers; Agricultural inspectors; Animal breeders; Graders and sorters, agricultural products; Fishing and hunting workers; Forest and conservation workers; Logging workers; Boilermakers; Glaziers; Insulation workers; Pipelayers; Plasterers and stucco masons; Reinforcing iron and rebar workers; Structural iron and steel workers; Solar photovoltaic installers; Helpers, construction trades; Elevator and escalator installers and repairers; Fence erectors; Hazardous materials removal workers; Rail-track laying and maintenance equipment operators; Septic tank servicers and sewer pipe cleaners; Miscellaneous construction and related workers; Derrick, rotary drill, and service unit operators, oil and gas; Excavating and loading machine and dragline operators, surface mining; Earth drillers, except oil and gas; Explosives workers, ordnance handling experts, and blasters; Underground mining machine operators; Roustabouts, oil and gas; Other extraction workers; Avionics technicians; Electric motor, power tool, and related repairers; Electrical and electronics installers and repairers, transportation equipment; Electrical and electronics repairers, industrial and utility; Electronic equipment installers and repairers, motor vehicles; Audiovisual equipment installers and repairers; Automotive glass installers and repairers; Small engine mechanics; Control and valve installers and repairers; Home appliance repairers; Maintenance workers, machinery; Wind turbine service technicians; Coin, vending, and amusement machine servicers and repairers; Commercial divers; Locksmiths and safe repairers; Manufactured building and mobile home installers; Riggers; Helpers--installation, maintenance, and repair workers; Aircraft structure, surfaces, rigging, and systems assemblers; Engine and other machine assemblers; Structural metal fabricators and fitters; Food and tobacco roasting, baking, and drying machine operators and tenders; Food batchmakers; Food cooking machine operators and tenders; Forming machine setters, operators, and tenders, metal and plastic; Grinding, lapping, polishing, and buffing machine tool setters, operators, and tenders, metal and plastic; Other machine tool setters, operators, and tenders, metal and plastic; Metal furnace operators, tenders, pourers, and casters; Model makers and patternmakers, metal and plastic; Molders and molding machine setters, operators, and tenders, metal and plastic; Tool and die makers; Prepress technicians and workers; Print binding and finishing workers; Pressers, textile, garment, and related materials; Shoe and leather workers; Tailors, dressmakers, and sewers; Textile machine setters, operators, and tenders; Upholsterers; Other textile, apparel, and furnishings workers; Cabinetmakers and bench carpenters; Furniture finishers; Sawing machine setters, operators, and tenders, wood; Woodworking machine setters, operators, and tenders, except sawing; Other woodworkers; Power plant operators, distributors, and dispatchers; Stationary engineers and boiler operators; Miscellaneous plant and system operators; Chemical processing machine setters, operators, and tenders; Cutting workers; Extruding, forming, pressing, and compacting machine setters, operators, and tenders; Furnace, kiln, oven, drier, and kettle operators and tenders; Jewelers and precious stone and metal workers; Dental and ophthalmic laboratory technicians and medical appliance technicians; Photographic process workers and processing machine operators; Adhesive bonding machine operators and tenders; Etchers and engravers; Molders, shapers, and casters, except metal and plastic; Paper goods machine setters, operators, and tenders; Tire builders; Helpers--production workers; Other production equipment operators and tenders; Air traffic controllers and airfield operations specialists; Flight attendants; Ambulance drivers and attendants, except emergency medical technicians; Shuttle drivers and chauffeurs; Locomotive engineers and operators; Railroad conductors and yardmasters; Other rail transportation workers; Sailors and marine oilers; Ship and boat captains and operators; Ship engineers; Parking attendants; Transportation inspectors; Passenger attendants; Other transportation workers; Crane and tower operators; Conveyor, dredge, and hoist and winch operators; Machine feeders and offbearers; Pumping station operators; Other material moving workers","Legislators; Advertising and promotions managers; Administrative services managers; Compensation and benefits managers; Training and development managers; Funeral home managers; Entertainment and recreation managers; Lodging managers; Natural sciences managers; Postmasters and mail superintendents; Emergency management directors; Personal service managers, all other; Agents and business managers of artists, performers, and athletes; Buyers and purchasing agents, farm products; Property appraisers and assessors; Budget analysts; Credit analysts; Financial examiners; Tax examiners and collectors, and revenue agents; Tax preparers; Other financial specialists; Computer and information research scientists; Web and digital interface designers; Actuaries; Mathematicians; Statisticians; Other mathematical science occupations; Landscape architects; Surveyors, cartographers, and photogrammetrists; Agricultural engineers; Bioengineers and biomedical engineers; Environmental engineers; Marine engineers and naval architects; Materials engineers; Mining and geological engineers, including mining safety engineers; Nuclear engineers; Petroleum engineers; Architectural and civil drafters; Surveying and mapping technicians; Agricultural and food scientists; Biological scientists; Conservation scientists and foresters; Life scientists, all other; Astronomers and physicists; Atmospheric and space scientists; Environmental scientists and specialists, including health; Geoscientists and hydrologists, except geographers; Economists; Survey researchers; Clinical and counseling psychologists; School psychologists; Sociologists; Urban and regional planners; Miscellaneous social scientists and related workers; Agricultural and food science technicians; Biological technicians; Chemical technicians; Environmental science and geoscience technicians; Nuclear technicians; Social science research assistants; Marriage and family therapists; Rehabilitation counselors; Mental health and substance abuse social workers; Directors, religious activities and education; Religious workers, all other; Judicial law clerks; Judges, magistrates, and other judicial workers; Legal support workers, all other; Tutors; Archivists, curators, and museum technicians; Library technicians; Commercial and industrial designers; Fashion designers; Floral designers; Merchandise displayers and window trimmers; Actors; Athletes and sports competitors; Umpires, referees, and other sports officials; Dancers and choreographers; Music directors and composers; Musicians and singers; Disc jockeys, except radio; Entertainers and performers, sports and related workers, all other; Broadcast announcers and radio disc jockeys; News analysts, reporters, and journalists; Editors; Technical writers; Interpreters and translators; Court reporters and simultaneous captioners; Media and communication workers, all other; Broadcast, sound, and lighting technicians; Photographers; Television, video, and film camera operators and editors; Media and communication equipment workers, all other; Chiropractors; Dentists; Optometrists; Emergency medicine physicians; Radiologists; Surgeons; Podiatrists; Audiologists; Radiation therapists; Recreational therapists; Exercise physiologists; Veterinarians; Nurse anesthetists; Nurse midwives; Acupuncturists; Healthcare diagnosing or treating practitioners, all other; Cardiovascular technologists and technicians; Magnetic resonance imaging technologists; Nuclear medicine technologists and medical dosimetrists; Paramedics; Psychiatric technicians; Surgical technologists; Dietetic technicians and ophthalmic medical technicians; Opticians, dispensing; Other healthcare practitioners and technical occupations; Orderlies and psychiatric aides; Occupational therapy assistants and aides; Physical therapist assistants and aides; Massage therapists; Medical transcriptionists; Pharmacy aides; Veterinary assistants and laboratory animal caretakers; First-line supervisors of correctional officers; First-line supervisors of firefighting and prevention workers; First-line supervisors of security workers; First-line supervisors of protective service workers, all other; Fire inspectors; Bailiffs; Fish and game wardens; Parking enforcement workers; Animal control workers; Private detectives and investigators; Crossing guards and flaggers; Transportation security screeners; School bus monitors; Other protective service workers; Hosts and hostesses, restaurant, lounge, and coffee shop; Food preparation and serving related workers, all other; Other grounds maintenance workers; Animal trainers; Gambling services workers; Ushers, lobby attendants, and ticket takers; Other entertainment attendants and related workers; Embalmers, crematory operators, and funeral attendants; Morticians, undertakers, and funeral arrangers; Barbers; Skincare specialists; Other personal appearance workers; Baggage porters, bellhops, and concierges; Tour and travel guides; Exercise trainers and group fitness instructors; Residential advisors; Personal care and service workers, all other; Counter and rental clerks; Travel agents; Models, demonstrators, and product promoters; Sales engineers; Telemarketers; Door-to-door sales workers, news and street vendors, and related workers; Switchboard operators, including answering service; Telephone operators; Communications equipment operators, all other; Gambling cage workers; Procurement clerks; Brokerage clerks; Correspondence clerks; Credit authorizers, checkers, and clerks; Library assistants, clerical; New accounts clerks; Order clerks; Human resources assistants, except payroll and timekeeping; Reservation and transportation ticket agents and travel clerks; Cargo and freight agents; Meter readers, utilities; Postal service clerks; Postal service mail sorters, processors, and processing machine operators; Weighers, measurers, checkers, and samplers, recordkeeping; Legal secretaries and administrative assistants; Word processors and typists; Desktop publishers; Mail clerks and mail machine operators, except postal service; Office machine operators, except computer; Proofreaders and copy markers; Statistical assistants; First-line supervisors of farming, fishing, and forestry workers; Agricultural inspectors; Animal breeders; Graders and sorters, agricultural products; Fishing and hunting workers; Forest and conservation workers; Logging workers; Boilermakers; Glaziers; Insulation workers; Pipelayers; Plasterers and stucco masons; Reinforcing iron and rebar workers; Structural iron and steel workers; Solar photovoltaic installers; Helpers, construction trades; Elevator and escalator installers and repairers; Fence erectors; Hazardous materials removal workers; Rail-track laying and maintenance equipment operators; Septic tank servicers and sewer pipe cleaners; Miscellaneous construction and related workers; Derrick, rotary drill, and service unit operators, oil and gas; Excavating and loading machine and dragline operators, surface mining; Earth drillers, except oil and gas; Explosives workers, ordnance handling experts, and blasters; Underground mining machine operators; Roustabouts, oil and gas; Other extraction workers; Avionics technicians; Electric motor, power tool, and related repairers; Electrical and electronics installers and repairers, transportation equipment; Electrical and electronics repairers, industrial and utility; Electronic equipment installers and repairers, motor vehicles; Audiovisual equipment installers and repairers; Automotive glass installers and repairers; Small engine mechanics; Control and valve installers and repairers; Home appliance repairers; Maintenance workers, machinery; Wind turbine service technicians; Coin, vending, and amusement machine servicers and repairers; Commercial divers; Locksmiths and safe repairers; Manufactured building and mobile home installers; Riggers; Helpers--installation, maintenance, and repair workers; Aircraft structure, surfaces, rigging, and systems assemblers; Engine and other machine assemblers; Structural metal fabricators and fitters; Food and tobacco roasting, baking, and drying machine operators and tenders; Food batchmakers; Food cooking machine operators and tenders; Forming machine setters, operators, and tenders, metal and plastic; Grinding, lapping, polishing, and buffing machine tool setters, operators, and tenders, metal and plastic; Other machine tool setters, operators, and tenders, metal and plastic; Metal furnace operators, tenders, pourers, and casters; Model makers and patternmakers, metal and plastic; Molders and molding machine setters, operators, and tenders, metal and plastic; Tool and die makers; Prepress technicians and workers; Print binding and finishing workers; Pressers, textile, garment, and related materials; Shoe and leather workers; Tailors, dressmakers, and sewers; Textile machine setters, operators, and tenders; Upholsterers; Other textile, apparel, and furnishings workers; Cabinetmakers and bench carpenters; Furniture finishers; Sawing machine setters, operators, and tenders, wood; Woodworking machine setters, operators, and tenders, except sawing; Other woodworkers; Power plant operators, distributors, and dispatchers; Stationary engineers and boiler operators; Miscellaneous plant and system operators; Chemical processing machine setters, operators, and tenders; Cutting workers; Extruding, forming, pressing, and compacting machine setters, operators, and tenders; Furnace, kiln, oven, drier, and kettle operators and tenders; Jewelers and precious stone and metal workers; Dental and ophthalmic laboratory technicians and medical appliance technicians; Photographic process workers and processing machine operators; Adhesive bonding machine operators and tenders; Etchers and engravers; Molders, shapers, and casters, except metal and plastic; Paper goods machine setters, operators, and tenders; Tire builders; Helpers--production workers; Other production equipment operators and tenders; Air traffic controllers and airfield operations specialists; Flight attendants; Ambulance drivers and attendants, except emergency medical technicians; Shuttle drivers and chauffeurs; Locomotive engineers and operators; Railroad conductors and yardmasters; Other rail transportation workers; Sailors and marine oilers; Ship and boat captains and operators; Ship engineers; Parking attendants; Transportation inspectors; Passenger attendants; Other transportation workers; Crane and tower operators; Conveyor, dredge, and hoist and winch operators; Machine feeders and offbearers; Pumping station operators; Other material moving workers"
2021,"$0-10000","$30000-40000",531,30807,"",""
2021,"$10000-20000","$20000-30000",526,7601,"",""
2021,"$20000-30000","$20000-30000",2733138,3558230,"",""
2021,"$20000-30000","$30000-40000",52494,19448,"",""
2021,"$30000-40000","$20000-30000",6058439,4459828,"",""
2021,"$30000-40000","$30000-40000",8800396,9155069,"",""
2021,"$30000-40000","$40000-50000",36410,7449,"",""
2021,"$30000-40000","$70000-80000",22071,930,"",""
2021,"$30000-40000",NA,19088,339,"","Plasterers and stucco masons; Reinforcing iron and rebar workers"
2021,"$40000-50000","$20000-30000",317807,36092,"",""
2021,"$40000-50000","$30000-40000",24473792,8057560,"",""
2021,"$40000-50000","$40000-50000",4094306,11758585,"",""
2021,"$40000-50000","$50000-60000",9942,53193,"",""
2021,"$40000-50000","$60000-70000",4672,22030,"",""
2021,"$40000-50000","$70000-80000",56988,1052,"",""
2021,"$40000-50000","$1e+05-110000",39939,242,"",""
2021,"$40000-50000",NA,17124,335,"","Septic tank servicers and sewer pipe cleaners; Electrical and electronics installers and repairers, transportation equipment; Electronic equipment installers and repairers, motor vehicles; Commercial divers"
2021,"$50000-60000","$30000-40000",18537592,1865072,"",""
2021,"$50000-60000","$40000-50000",8491050,3079755,"",""
2021,"$50000-60000","$50000-60000",2080032,3490911,"",""
2021,"$50000-60000","$60000-70000",103042,245216,"",""
2021,"$50000-60000","$90000-1e+05",1414,661,"",""
2021,"$50000-60000",NA,23281,133,"","Solar photovoltaic installers; Excavating and loading machine and dragline operators, surface mining; Roustabouts, oil and gas"
2021,"$60000-70000","$30000-40000",61106,2147,"",""
2021,"$60000-70000","$40000-50000",9136365,4835583,"",""
2021,"$60000-70000","$50000-60000",10562346,17102283,"",""
2021,"$60000-70000","$60000-70000",705037,395648,"",""
2021,"$60000-70000","$70000-80000",28920,13686,"",""
2021,"$60000-70000","$90000-1e+05",19594,911,"",""
2021,"$60000-70000",NA,11364,262,"","Derrick, rotary drill, and service unit operators, oil and gas"
2021,"$70000-80000","$30000-40000",25820,1928,"",""
2021,"$70000-80000","$40000-50000",251950,250159,"",""
2021,"$70000-80000","$50000-60000",1226019,640817,"",""
2021,"$70000-80000","$60000-70000",2981490,1877952,"",""
2021,"$70000-80000","$70000-80000",860757,469895,"",""
2021,"$70000-80000",NA,4913,125,"","Wind turbine service technicians"
2021,"$80000-90000","$40000-50000",165764,74905,"",""
2021,"$80000-90000","$50000-60000",91725,107823,"",""
2021,"$80000-90000","$60000-70000",5989705,6464402,"",""
2021,"$80000-90000","$70000-80000",3122884,4469029,"",""
2021,"$80000-90000","$80000-90000",489762,242140,"",""
2021,"$80000-90000","$90000-1e+05",13428,1109,"",""
2021,"$80000-90000",NA,1079,46,"","Media and communication equipment workers, all other"
2021,"$90000-1e+05","$50000-60000",57731,2506,"",""
2021,"$90000-1e+05","$60000-70000",2282144,5478883,"",""
2021,"$90000-1e+05","$70000-80000",3191944,2342945,"",""
2021,"$90000-1e+05","$80000-90000",14482567,4739700,"",""
2021,"$90000-1e+05","$90000-1e+05",539171,105405,"",""
2021,"$90000-1e+05","$110000-120000",44566,1303,"",""
2021,"$1e+05-110000","$60000-70000",91849,53512,"",""
2021,"$1e+05-110000","$70000-80000",707022,840022,"",""
2021,"$1e+05-110000","$80000-90000",1270309,1162537,"",""
2021,"$1e+05-110000","$90000-1e+05",886604,138439,"",""
2021,"$1e+05-110000","$110000-120000",98848,6165,"",""
2021,"$110000-120000","$60000-70000",7025,1080,"",""
2021,"$110000-120000","$80000-90000",69738,191208,"",""
2021,"$110000-120000","$1e+05-110000",242479,38959,"",""
2021,"$120000-130000","$60000-70000",98806,6351,"",""
2021,"$120000-130000","$70000-80000",258355,114151,"",""
2021,"$120000-130000","$80000-90000",476267,207883,"",""
2021,"$120000-130000","$90000-1e+05",5503,10020,"",""
2021,"$120000-130000","$1e+05-110000",464688,210149,"",""
2021,"$120000-130000","$110000-120000",1486502,551624,"",""
2021,"$130000-140000","$90000-1e+05",14393,12550,"",""
2021,"$130000-140000","$1e+05-110000",16639,14998,"",""
2021,"$130000-140000","$120000-130000",135661,159310,"",""
2021,"$140000-150000","$70000-80000",747799,828426,"",""
2021,"$140000-150000","$80000-90000",32481,32217,"",""
2021,"$140000-150000","$110000-120000",31284,13108,"",""
2021,"$150000-160000","$110000-120000",7269,2206,"",""
2021,"$150000-160000","$120000-130000",638733,394563,"",""
2021,"$150000-160000","$140000-150000",180544,24755,"",""
2021,"$160000-170000","$120000-130000",950742,365570,"",""
2021,"$180000-190000","$130000-140000",71471,30860,"",""
2021,"$190000-2e+05","$180000-190000",16990,18991,"",""
2021,NA,"$110000-120000",0,6045,"Nurse midwives",""
2021,NA,"$2e+05-210000",440136,272196,"Other physicians",""
2021,NA,NA,65225,15716,"Emergency medicine physicians; Radiologists; Surgeons","Emergency medicine physicians; Radiologists; Surgeons"
2022,"$10000-20000","$30000-40000",2967,16468,"",""
2022,"$20000-30000","$20000-30000",351960,431827,"",""
2022,"$20000-30000","$30000-40000",11959,70064,"",""
2022,"$20000-30000",NA,2183,0,"","Manufactured building and mobile home installers"
2022,"$30000-40000","$20000-30000",8323649,6560010,"",""
2022,"$30000-40000","$30000-40000",6953956,8270386,"",""
2022,"$30000-40000","$40000-50000",24120,2020,"",""
2022,"$30000-40000","$50000-60000",2051,5078,"",""
2022,"$40000-50000","$20000-30000",395942,23703,"",""
2022,"$40000-50000","$30000-40000",21596348,9032073,"",""
2022,"$40000-50000","$40000-50000",2945409,2838439,"",""
2022,"$40000-50000","$50000-60000",108664,3536,"",""
2022,"$40000-50000","$60000-70000",32683,536,"",""
2022,"$40000-50000",NA,34355,431,"","Plasterers and stucco masons; Solar photovoltaic installers"
2022,"$50000-60000","$20000-30000",40680,1808,"",""
2022,"$50000-60000","$30000-40000",18061310,1422773,"",""
2022,"$50000-60000","$40000-50000",18868845,14692866,"",""
2022,"$50000-60000","$50000-60000",2290081,3450640,"",""
2022,"$50000-60000","$60000-70000",79506,135319,"",""
2022,"$50000-60000","$70000-80000",21079,423,"",""
2022,"$50000-60000",NA,10112,164,"","Reinforcing iron and rebar workers; Roustabouts, oil and gas; Electrical and electronics installers and repairers, transportation equipment"
2022,"$60000-70000","$30000-40000",231897,3427,"",""
2022,"$60000-70000","$40000-50000",7207987,5064177,"",""
2022,"$60000-70000","$50000-60000",8218232,9355590,"",""
2022,"$60000-70000","$60000-70000",2701654,2348766,"",""
2022,"$60000-70000","$70000-80000",22323,22940,"",""
2022,"$60000-70000","$80000-90000",1942,77,"",""
2022,"$60000-70000",NA,6073,40,"","Rail-track laying and maintenance equipment operators"
2022,"$70000-80000","$10000-20000",2368,883,"",""
2022,"$70000-80000","$40000-50000",146786,10478,"",""
2022,"$70000-80000","$50000-60000",5459296,8746331,"",""
2022,"$70000-80000","$60000-70000",2520057,2058734,"",""
2022,"$70000-80000","$70000-80000",1125234,435192,"",""
2022,"$70000-80000","$80000-90000",17894,2041,"",""
2022,"$70000-80000",NA,23546,156,"","Derrick, rotary drill, and service unit operators, oil and gas; Wind turbine service technicians"
2022,"$80000-90000","$50000-60000",127204,181491,"",""
2022,"$80000-90000","$60000-70000",1474439,934989,"",""
2022,"$80000-90000","$70000-80000",4243250,4746118,"",""
2022,"$80000-90000","$80000-90000",112033,147662,"",""
2022,"$80000-90000","$90000-1e+05",38644,2714,"",""
2022,"$80000-90000",NA,10018,283,"","Media and communication equipment workers, all other; Boilermakers"
2022,"$90000-1e+05","$30000-40000",13411,511,"",""
2022,"$90000-1e+05","$40000-50000",116681,8606,"",""
2022,"$90000-1e+05","$50000-60000",40453,1101,"",""
2022,"$90000-1e+05","$60000-70000",219862,212064,"",""
2022,"$90000-1e+05","$70000-80000",7683031,12335047,"",""
2022,"$90000-1e+05","$80000-90000",11586314,3972110,"",""
2022,"$90000-1e+05","$90000-1e+05",392830,68791,"",""
2022,"$90000-1e+05","$1e+05-110000",12542,3011,"",""
2022,"$1e+05-110000","$30000-40000",28510,337,"",""
2022,"$1e+05-110000","$60000-70000",48073,133185,"",""
2022,"$1e+05-110000","$70000-80000",117446,96870,"",""
2022,"$1e+05-110000","$80000-90000",7834812,4142541,"",""
2022,"$1e+05-110000","$90000-1e+05",1115512,684883,"",""
2022,"$1e+05-110000","$1e+05-110000",667517,96594,"",""
2022,"$1e+05-110000","$110000-120000",44032,3735,"",""
2022,"$1e+05-110000","$120000-130000",21461,7084,"",""
2022,"$1e+05-110000",NA,4023,32,"","Agricultural engineers"
2022,"$110000-120000","$70000-80000",709439,786297,"",""
2022,"$110000-120000","$80000-90000",150719,51351,"",""
2022,"$110000-120000","$90000-1e+05",15768,13480,"",""
2022,"$110000-120000","$1e+05-110000",535326,77681,"",""
2022,"$110000-120000","$110000-120000",68332,16784,"",""
2022,"$120000-130000","$80000-90000",372095,166318,"",""
2022,"$120000-130000","$1e+05-110000",66478,19243,"",""
2022,"$120000-130000","$110000-120000",1586781,532867,"",""
2022,"$130000-140000","$70000-80000",152236,54754,"",""
2022,"$130000-140000","$80000-90000",287413,125983,"",""
2022,"$130000-140000","$90000-1e+05",104863,6206,"",""
2022,"$130000-140000","$110000-120000",519148,297206,"",""
2022,"$130000-140000","$120000-130000",144141,165513,"",""
2022,"$140000-150000","$1e+05-110000",32771,48661,"",""
2022,"$140000-150000","$110000-120000",19004,12319,"",""
2022,"$140000-150000","$120000-130000",18464,13241,"",""
2022,"$150000-160000","$80000-90000",759033,862963,"",""
2022,"$150000-160000","$150000-160000",189262,25257,"",""
2022,"$150000-160000","$160000-170000",8400,2624,"",""
2022,"$160000-170000","$130000-140000",637005,399756,"",""
2022,"$160000-170000","$150000-160000",17042,1820,"",""
2022,"$170000-180000","$130000-140000",1019568,407427,"",""
2022,"$2e+05-210000","$150000-160000",73136,34387,"",""
2022,"$2e+05-210000","$190000-2e+05",16431,19952,"",""
2022,NA,"$120000-130000",0,5152,"Nurse midwives",""
2022,NA,"$2e+05-210000",441514,291655,"Other physicians",""
2022,NA,NA,64556,18151,"Emergency medicine physicians; Radiologists; Surgeons","Emergency medicine physicians; Radiologists; Surgeons"
2023,"$0-10000","$0-10000",114345,90799,"",""
2023,"$0-10000",NA,14821,1500,"","Facilities managers; Industrial production managers; Farmers, ranchers, and other agricultural managers; Architectural and engineering managers; Cost estimators; Information security analysts; Database administrators and architects; Network and computer systems administrators; Computer network architects; Aerospace engineers; Chemical engineers; Computer hardware engineers; Electrical and electronics engineers; Mechanical engineers; Other drafters; Electrical and electronic engineering technologists and technicians; Surveying and mapping technicians; Chemists and materials scientists; Clergy; Artists and related workers; Coaches and scouts; Writers and authors; Broadcast, sound, and lighting technicians; Television, video, and film camera operators and editors; Emergency medical technicians; Paramedics; First-line supervisors of police and detectives; First-line supervisors of security workers; Firefighters; Detectives and criminal investigators; Private detectives and investigators; Dishwashers; First-line supervisors of landscaping, lawn service, and groundskeeping workers; Pest control workers; Landscaping and groundskeeping workers; Tree trimmers and pruners; Baggage porters, bellhops, and concierges; Parts salespersons; Sales engineers; Reservation and transportation ticket agents and travel clerks; First-line supervisors of construction trades and extraction workers; Brickmasons, blockmasons, and stonemasons; Carpenters; Carpet, floor, and tile installers and finishers; Construction equipment operators; Drywall installers, ceiling tile installers, and tapers; Electricians; Insulation workers; Painters and paperhangers; Plumbers, pipefitters, and steamfitters; Roofers; Sheet metal workers; Construction and building inspectors; Highway maintenance workers; First-line supervisors of mechanics, installers, and repairers; Computer, automated teller, and office machine repairers; Radio and telecommunications equipment installers and repairers; Aircraft mechanics and service technicians; Automotive body and related repairers; Automotive service technicians and mechanics; Bus and truck mechanics and diesel engine specialists; Heavy vehicle and mobile equipment service technicians and mechanics; Miscellaneous vehicle and mobile equipment mechanics, installers, and repairers; Heating, air conditioning, and refrigeration mechanics and installers; Industrial and refractory machinery mechanics; Maintenance and repair workers, general; Electrical power-line installers and repairers; Telecommunications line installers and repairers; Other installation, maintenance, and repair workers; Food processing workers, all other; Computer numerically controlled tool operators and programmers; Cutting, punching, and press machine setters, operators, and tenders, metal and plastic; Machinists; Welding, soldering, and brazing workers; Printing press operators; Stationary engineers and boiler operators; Water and wastewater treatment plant and system operators; Crushing, grinding, polishing, mixing, and blending workers; Painting workers; Aircraft pilots and flight engineers; Taxi drivers; Motor vehicle operators, all other; Railroad conductors and yardmasters; Crane and tower operators; Refuse and recyclable material collectors"
2023,NA,"$0-10000",1494,6512,"Public relations and fundraising managers; Lodging managers; Compensation, benefits, and job analysis specialists; Meeting, convention, and event planners; Fundraisers; Insurance underwriters; Biological scientists; Substance abuse and behavioral disorder counselors; Mental health counselors; Child, family, and school social workers; Healthcare social workers; Other community and social service specialists; Title examiners, abstractors, and searchers; Preschool and kindergarten teachers; Special education teachers; Librarians and media collections specialists; Other educational instruction and library workers; Public relations specialists; Dietitians and nutritionists; Physician assistants; Occupational therapists; Speech-language pathologists; Therapists, all other; Nurse practitioners; Dental hygienists; Diagnostic medical sonographers; Psychiatric technicians; Surgical technologists; Veterinary technologists and technicians; Medical records specialists; Miscellaneous health technologists and technicians; Other healthcare practitioners and technical occupations; Dental assistants; Veterinary assistants and laboratory animal caretakers; Phlebotomists; Food servers, nonrestaurant; Hosts and hostesses, restaurant, lounge, and coffee shop; Supervisors of personal care and service workers; Animal caretakers; Hairdressers, hairstylists, and cosmetologists; Manicurists and pedicurists; Childcare workers; Bill and account collectors; Billing and posting clerks; Payroll and timekeeping clerks; Tellers; Court, municipal, and license clerks; Eligibility interviewers, government programs; File Clerks; Interviewers, except eligibility and loan; Loan interviewers and clerks; Human resources assistants, except payroll and timekeeping; Information and record clerks, all other; Public safety telecommunicators; Executive secretaries and executive administrative assistants; Medical secretaries and administrative assistants; Laundry and dry-cleaning workers; Sewing machine operators; Flight attendants; Bus drivers, school",""
2023,NA,NA,4814,3143,"Legislators; Advertising and promotions managers; Administrative services managers; Compensation and benefits managers; Training and development managers; Funeral home managers; Entertainment and recreation managers; Natural sciences managers; Postmasters and mail superintendents; Emergency management directors; Personal service managers, all other; Agents and business managers of artists, performers, and athletes; Buyers and purchasing agents, farm products; Property appraisers and assessors; Budget analysts; Credit analysts; Financial examiners; Tax examiners and collectors, and revenue agents; Tax preparers; Computer and information research scientists; Software quality assurance analysts and testers; Web developers; Web and digital interface designers; Actuaries; Mathematicians; Statisticians; Landscape architects; Surveyors, cartographers, and photogrammetrists; Agricultural engineers; Bioengineers and biomedical engineers; Environmental engineers; Marine engineers and naval architects; Materials engineers; Mining and geological engineers, including mining safety engineers; Nuclear engineers; Petroleum engineers; Architectural and civil drafters; Agricultural and food scientists; Conservation scientists and foresters; Life scientists, all other; Astronomers and physicists; Atmospheric and space scientists; Environmental scientists and specialists, including health; Geoscientists and hydrologists, except geographers; Economists; Survey researchers; Clinical and counseling psychologists; School psychologists; Other psychologists; Sociologists; Urban and regional planners; Miscellaneous social scientists and related workers; Agricultural and food science technicians; Biological technicians; Chemical technicians; Environmental science and geoscience technicians; Nuclear technicians; Social science research assistants; Occupational health and safety specialists and technicians; Marriage and family therapists; Rehabilitation counselors; Mental health and substance abuse social workers; Probation officers and correctional treatment specialists; Directors, religious activities and education; Religious workers, all other; Judicial law clerks; Judges, magistrates, and other judicial workers; Legal support workers, all other; Tutors; Archivists, curators, and museum technicians; Library technicians; Commercial and industrial designers; Fashion designers; Floral designers; Interior designers; Merchandise displayers and window trimmers; Actors; Athletes and sports competitors; Umpires, referees, and other sports officials; Dancers and choreographers; Music directors and composers; Musicians and singers; Disc jockeys, except radio; Entertainers and performers, sports and related workers, all other; Broadcast announcers and radio disc jockeys; News analysts, reporters, and journalists; Editors; Technical writers; Interpreters and translators; Court reporters and simultaneous captioners; Media and communication workers, all other; Photographers; Media and communication equipment workers, all other; Chiropractors; Dentists; Optometrists; Emergency medicine physicians; Radiologists; Surgeons; Podiatrists; Audiologists; Radiation therapists; Recreational therapists; Respiratory therapists; Exercise physiologists; Veterinarians; Nurse anesthetists; Nurse midwives; Acupuncturists; Healthcare diagnosing or treating practitioners, all other; Cardiovascular technologists and technicians; Magnetic resonance imaging technologists; Nuclear medicine technologists and medical dosimetrists; Dietetic technicians and ophthalmic medical technicians; Opticians, dispensing; Orderlies and psychiatric aides; Occupational therapy assistants and aides; Physical therapist assistants and aides; Massage therapists; Medical transcriptionists; Pharmacy aides; First-line supervisors of correctional officers; First-line supervisors of firefighting and prevention workers; First-line supervisors of protective service workers, all other; Fire inspectors; Bailiffs; Fish and game wardens; Parking enforcement workers; Animal control workers; Crossing guards and flaggers; Transportation security screeners; School bus monitors; Other protective service workers; Food preparation and serving related workers, all other; Other grounds maintenance workers; Animal trainers; Gambling services workers; Ushers, lobby attendants, and ticket takers; Other entertainment attendants and related workers; Embalmers, crematory operators, and funeral attendants; Morticians, undertakers, and funeral arrangers; Barbers; Skincare specialists; Other personal appearance workers; Tour and travel guides; Exercise trainers and group fitness instructors; Residential advisors; Personal care and service workers, all other; Counter and rental clerks; Travel agents; Models, demonstrators, and product promoters; Telemarketers; Door-to-door sales workers, news and street vendors, and related workers; Switchboard operators, including answering service; Telephone operators; Communications equipment operators, all other; Gambling cage workers; Procurement clerks; Brokerage clerks; Correspondence clerks; Credit authorizers, checkers, and clerks; Hotel, motel, and resort desk clerks; Library assistants, clerical; New accounts clerks; Order clerks; Cargo and freight agents; Meter readers, utilities; Postal service clerks; Postal service mail sorters, processors, and processing machine operators; Weighers, measurers, checkers, and samplers, recordkeeping; Legal secretaries and administrative assistants; Word processors and typists; Desktop publishers; Mail clerks and mail machine operators, except postal service; Office machine operators, except computer; Proofreaders and copy markers; Statistical assistants; First-line supervisors of farming, fishing, and forestry workers; Agricultural inspectors; Animal breeders; Graders and sorters, agricultural products; Fishing and hunting workers; Forest and conservation workers; Logging workers; Boilermakers; Cement masons, concrete finishers, and terrazzo workers; Glaziers; Pipelayers; Plasterers and stucco masons; Reinforcing iron and rebar workers; Structural iron and steel workers; Solar photovoltaic installers; Helpers, construction trades; Elevator and escalator installers and repairers; Fence erectors; Hazardous materials removal workers; Rail-track laying and maintenance equipment operators; Septic tank servicers and sewer pipe cleaners; Miscellaneous construction and related workers; Derrick, rotary drill, and service unit operators, oil and gas; Excavating and loading machine and dragline operators, surface mining; Earth drillers, except oil and gas; Explosives workers, ordnance handling experts, and blasters; Underground mining machine operators; Roustabouts, oil and gas; Other extraction workers; Avionics technicians; Electric motor, power tool, and related repairers; Electrical and electronics installers and repairers, transportation equipment; Electrical and electronics repairers, industrial and utility; Electronic equipment installers and repairers, motor vehicles; Audiovisual equipment installers and repairers; Security and fire alarm systems installers; Automotive glass installers and repairers; Small engine mechanics; Control and valve installers and repairers; Home appliance repairers; Maintenance workers, machinery; Millwrights; Precision instrument and equipment repairers; Wind turbine service technicians; Coin, vending, and amusement machine servicers and repairers; Commercial divers; Locksmiths and safe repairers; Manufactured building and mobile home installers; Riggers; Helpers--installation, maintenance, and repair workers; Aircraft structure, surfaces, rigging, and systems assemblers; Engine and other machine assemblers; Structural metal fabricators and fitters; Food and tobacco roasting, baking, and drying machine operators and tenders; Food batchmakers; Food cooking machine operators and tenders; Forming machine setters, operators, and tenders, metal and plastic; Grinding, lapping, polishing, and buffing machine tool setters, operators, and tenders, metal and plastic; Other machine tool setters, operators, and tenders, metal and plastic; Metal furnace operators, tenders, pourers, and casters; Model makers and patternmakers, metal and plastic; Molders and molding machine setters, operators, and tenders, metal and plastic; Tool and die makers; Prepress technicians and workers; Print binding and finishing workers; Pressers, textile, garment, and related materials; Shoe and leather workers; Tailors, dressmakers, and sewers; Textile machine setters, operators, and tenders; Upholsterers; Other textile, apparel, and furnishings workers; Cabinetmakers and bench carpenters; Furniture finishers; Sawing machine setters, operators, and tenders, wood; Woodworking machine setters, operators, and tenders, except sawing; Other woodworkers; Power plant operators, distributors, and dispatchers; Miscellaneous plant and system operators; Chemical processing machine setters, operators, and tenders; Cutting workers; Extruding, forming, pressing, and compacting machine setters, operators, and tenders; Furnace, kiln, oven, drier, and kettle operators and tenders; Jewelers and precious stone and metal workers; Dental and ophthalmic laboratory technicians and medical appliance technicians; Photographic process workers and processing machine operators; Adhesive bonding machine operators and tenders; Etchers and engravers; Molders, shapers, and casters, except metal and plastic; Paper goods machine setters, operators, and tenders; Tire builders; Helpers--production workers; Other production equipment operators and tenders; Air traffic controllers and airfield operations specialists; Ambulance drivers and attendants, except emergency medical technicians; Shuttle drivers and chauffeurs; Locomotive engineers and operators; Other rail transportation workers; Sailors and marine oilers; Ship and boat captains and operators; Ship engineers; Parking attendants; Transportation service attendants; Transportation inspectors; Passenger attendants; Other transportation workers; Conveyor, dredge, and hoist and winch operators; Machine feeders and offbearers; Pumping station operators; Other material moving workers","Legislators; Advertising and promotions managers; Administrative services managers; Compensation and benefits managers; Training and development managers; Funeral home managers; Entertainment and recreation managers; Natural sciences managers; Postmasters and mail superintendents; Emergency management directors; Personal service managers, all other; Agents and business managers of artists, performers, and athletes; Buyers and purchasing agents, farm products; Property appraisers and assessors; Budget analysts; Credit analysts; Financial examiners; Tax examiners and collectors, and revenue agents; Tax preparers; Computer and information research scientists; Software quality assurance analysts and testers; Web developers; Web and digital interface designers; Actuaries; Mathematicians; Statisticians; Landscape architects; Surveyors, cartographers, and photogrammetrists; Agricultural engineers; Bioengineers and biomedical engineers; Environmental engineers; Marine engineers and naval architects; Materials engineers; Mining and geological engineers, including mining safety engineers; Nuclear engineers; Petroleum engineers; Architectural and civil drafters; Agricultural and food scientists; Conservation scientists and foresters; Life scientists, all other; Astronomers and physicists; Atmospheric and space scientists; Environmental scientists and specialists, including health; Geoscientists and hydrologists, except geographers; Economists; Survey researchers; Clinical and counseling psychologists; School psychologists; Other psychologists; Sociologists; Urban and regional planners; Miscellaneous social scientists and related workers; Agricultural and food science technicians; Biological technicians; Chemical technicians; Environmental science and geoscience technicians; Nuclear technicians; Social science research assistants; Occupational health and safety specialists and technicians; Marriage and family therapists; Rehabilitation counselors; Mental health and substance abuse social workers; Probation officers and correctional treatment specialists; Directors, religious activities and education; Religious workers, all other; Judicial law clerks; Judges, magistrates, and other judicial workers; Legal support workers, all other; Tutors; Archivists, curators, and museum technicians; Library technicians; Commercial and industrial designers; Fashion designers; Floral designers; Interior designers; Merchandise displayers and window trimmers; Actors; Athletes and sports competitors; Umpires, referees, and other sports officials; Dancers and choreographers; Music directors and composers; Musicians and singers; Disc jockeys, except radio; Entertainers and performers, sports and related workers, all other; Broadcast announcers and radio disc jockeys; News analysts, reporters, and journalists; Editors; Technical writers; Interpreters and translators; Court reporters and simultaneous captioners; Media and communication workers, all other; Photographers; Media and communication equipment workers, all other; Chiropractors; Dentists; Optometrists; Emergency medicine physicians; Radiologists; Surgeons; Podiatrists; Audiologists; Radiation therapists; Recreational therapists; Respiratory therapists; Exercise physiologists; Veterinarians; Nurse anesthetists; Nurse midwives; Acupuncturists; Healthcare diagnosing or treating practitioners, all other; Cardiovascular technologists and technicians; Magnetic resonance imaging technologists; Nuclear medicine technologists and medical dosimetrists; Dietetic technicians and ophthalmic medical technicians; Opticians, dispensing; Orderlies and psychiatric aides; Occupational therapy assistants and aides; Physical therapist assistants and aides; Massage therapists; Medical transcriptionists; Pharmacy aides; First-line supervisors of correctional officers; First-line supervisors of firefighting and prevention workers; First-line supervisors of protective service workers, all other; Fire inspectors; Bailiffs; Fish and game wardens; Parking enforcement workers; Animal control workers; Crossing guards and flaggers; Transportation security screeners; School bus monitors; Other protective service workers; Food preparation and serving related workers, all other; Other grounds maintenance workers; Animal trainers; Gambling services workers; Ushers, lobby attendants, and ticket takers; Other entertainment attendants and related workers; Embalmers, crematory operators, and funeral attendants; Morticians, undertakers, and funeral arrangers; Barbers; Skincare specialists; Other personal appearance workers; Tour and travel guides; Exercise trainers and group fitness instructors; Residential advisors; Personal care and service workers, all other; Counter and rental clerks; Travel agents; Models, demonstrators, and product promoters; Telemarketers; Door-to-door sales workers, news and street vendors, and related workers; Switchboard operators, including answering service; Telephone operators; Communications equipment operators, all other; Gambling cage workers; Procurement clerks; Brokerage clerks; Correspondence clerks; Credit authorizers, checkers, and clerks; Hotel, motel, and resort desk clerks; Library assistants, clerical; New accounts clerks; Order clerks; Cargo and freight agents; Meter readers, utilities; Postal service clerks; Postal service mail sorters, processors, and processing machine operators; Weighers, measurers, checkers, and samplers, recordkeeping; Legal secretaries and administrative assistants; Word processors and typists; Desktop publishers; Mail clerks and mail machine operators, except postal service; Office machine operators, except computer; Proofreaders and copy markers; Statistical assistants; First-line supervisors of farming, fishing, and forestry workers; Agricultural inspectors; Animal breeders; Graders and sorters, agricultural products; Fishing and hunting workers; Forest and conservation workers; Logging workers; Boilermakers; Cement masons, concrete finishers, and terrazzo workers; Glaziers; Pipelayers; Plasterers and stucco masons; Reinforcing iron and rebar workers; Structural iron and steel workers; Solar photovoltaic installers; Helpers, construction trades; Elevator and escalator installers and repairers; Fence erectors; Hazardous materials removal workers; Rail-track laying and maintenance equipment operators; Septic tank servicers and sewer pipe cleaners; Miscellaneous construction and related workers; Derrick, rotary drill, and service unit operators, oil and gas; Excavating and loading machine and dragline operators, surface mining; Earth drillers, except oil and gas; Explosives workers, ordnance handling experts, and blasters; Underground mining machine operators; Roustabouts, oil and gas; Other extraction workers; Avionics technicians; Electric motor, power tool, and related repairers; Electrical and electronics installers and repairers, transportation equipment; Electrical and electronics repairers, industrial and utility; Electronic equipment installers and repairers, motor vehicles; Audiovisual equipment installers and repairers; Security and fire alarm systems installers; Automotive glass installers and repairers; Small engine mechanics; Control and valve installers and repairers; Home appliance repairers; Maintenance workers, machinery; Millwrights; Precision instrument and equipment repairers; Wind turbine service technicians; Coin, vending, and amusement machine servicers and repairers; Commercial divers; Locksmiths and safe repairers; Manufactured building and mobile home installers; Riggers; Helpers--installation, maintenance, and repair workers; Aircraft structure, surfaces, rigging, and systems assemblers; Engine and other machine assemblers; Structural metal fabricators and fitters; Food and tobacco roasting, baking, and drying machine operators and tenders; Food batchmakers; Food cooking machine operators and tenders; Forming machine setters, operators, and tenders, metal and plastic; Grinding, lapping, polishing, and buffing machine tool setters, operators, and tenders, metal and plastic; Other machine tool setters, operators, and tenders, metal and plastic; Metal furnace operators, tenders, pourers, and casters; Model makers and patternmakers, metal and plastic; Molders and molding machine setters, operators, and tenders, metal and plastic; Tool and die makers; Prepress technicians and workers; Print binding and finishing workers; Pressers, textile, garment, and related materials; Shoe and leather workers; Tailors, dressmakers, and sewers; Textile machine setters, operators, and tenders; Upholsterers; Other textile, apparel, and furnishings workers; Cabinetmakers and bench carpenters; Furniture finishers; Sawing machine setters, operators, and tenders, wood; Woodworking machine setters, operators, and tenders, except sawing; Other woodworkers; Power plant operators, distributors, and dispatchers; Miscellaneous plant and system operators; Chemical processing machine setters, operators, and tenders; Cutting workers; Extruding, forming, pressing, and compacting machine setters, operators, and tenders; Furnace, kiln, oven, drier, and kettle operators and tenders; Jewelers and precious stone and metal workers; Dental and ophthalmic laboratory technicians and medical appliance technicians; Photographic process workers and processing machine operators; Adhesive bonding machine operators and tenders; Etchers and engravers; Molders, shapers, and casters, except metal and plastic; Paper goods machine setters, operators, and tenders; Tire builders; Helpers--production workers; Other production equipment operators and tenders; Air traffic controllers and airfield operations specialists; Ambulance drivers and attendants, except emergency medical technicians; Shuttle drivers and chauffeurs; Locomotive engineers and operators; Other rail transportation workers; Sailors and marine oilers; Ship and boat captains and operators; Ship engineers; Parking attendants; Transportation service attendants; Transportation inspectors; Passenger attendants; Other transportation workers; Conveyor, dredge, and hoist and winch operators; Machine feeders and offbearers; Pumping station operators; Other material moving workers"
