SeriesId,Year,Period,Label,Value,Race,Gender
LEU0252929700,2000,A01,2000 Annual,409,White,Men
LEU0252929700,2001,A01,2001 Annual,422,White,Men
LEU0252929700,2002,A01,2002 Annual,427,White,Men
LEU0252929700,2003,A01,2003 Annual,432,White,Men
LEU0252929700,2004,A01,2004 Annual,451,White,Men
LEU0252929700,2005,A01,2005 Annual,464,White,Men
LEU0252929700,2006,A01,2006 Annual,477,White,Men
LEU0252929700,2007,A01,2007 Annual,486,White,Men
LEU0252929700,2008,A01,2008 Annual,502,White,Men
LEU0252929700,2009,A01,2009 Annual,504,White,Men
LEU0252929700,2010,A01,2010 Annual,488,White,Men
LEU0252929700,2011,A01,2011 Annual,494,White,Men
LEU0252929700,2012,A01,2012 Annual,515,White,Men
LEU0252929700,2013,A01,2013 Annual,505,White,Men
LEU0252929700,2014,A01,2014 Annual,522,White,Men
LEU0252929700,2015,A01,2015 Annual,524,White,Men
LEU0252929700,2016,A01,2016 Annual,567,White,Men
LEU0252929700,2017,A01,2017 Annual,591,White,Men
LEU0252929700,2018,A01,2018 Annual,612,White,Men
LEU0252929700,2019,A01,2019 Annual,658,White,Men
LEU0252929700,2020,A01,2020 Annual,684,White,Men
LEU0252929700,2021,A01,2021 Annual,691,White,Men
LEU0252929700,2022,A01,2022 Annual,753,White,Men
LEU0252929700,2023,A01,2023 Annual,774,White,Men
LEU0252930300,2000,A01,2000 Annual,608,White,Men
LEU0252930300,2001,A01,2001 Annual,626,White,Men
LEU0252930300,2002,A01,2002 Annual,639,White,Men
LEU0252930300,2003,A01,2003 Annual,652,White,Men
LEU0252930300,2004,A01,2004 Annual,670,White,Men
LEU0252930300,2005,A01,2005 Annual,677,White,Men
LEU0252930300,2006,A01,2006 Annual,704,White,Men
LEU0252930300,2007,A01,2007 Annual,718,White,Men
LEU0252930300,2008,A01,2008 Annual,738,White,Men
LEU0252930300,2009,A01,2009 Annual,740,White,Men
LEU0252930300,2010,A01,2010 Annual,736,White,Men
LEU0252930300,2011,A01,2011 Annual,745,White,Men
LEU0252930300,2012,A01,2012 Annual,760,White,Men
LEU0252930300,2013,A01,2013 Annual,763,White,Men
LEU0252930300,2014,A01,2014 Annual,777,White,Men
LEU0252930300,2015,A01,2015 Annual,792,White,Men
LEU0252930300,2016,A01,2016 Annual,806,White,Men
LEU0252930300,2017,A01,2017 Annual,831,White,Men
LEU0252930300,2018,A01,2018 Annual,861,White,Men
LEU0252930300,2019,A01,2019 Annual,888,White,Men
LEU0252930300,2020,A01,2020 Annual,915,White,Men
LEU0252930300,2021,A01,2021 Annual,940,White,Men
LEU0252930300,2022,A01,2022 Annual,982,White,Men
LEU0252930300,2023,A01,2023 Annual,1015,White,Men
LEU0252931500,2000,A01,2000 Annual,1045,White,Men
LEU0252931500,2001,A01,2001 Annual,1097,White,Men
LEU0252931500,2002,A01,2002 Annual,1124,White,Men
LEU0252931500,2003,A01,2003 Annual,1151,White,Men
LEU0252931500,2004,A01,2004 Annual,1162,White,Men
LEU0252931500,2005,A01,2005 Annual,1210,White,Men
LEU0252931500,2006,A01,2006 Annual,1237,White,Men
LEU0252931500,2007,A01,2007 Annual,1267,White,Men
LEU0252931500,2008,A01,2008 Annual,1329,White,Men
LEU0252931500,2009,A01,2009 Annual,1352,White,Men
LEU0252931500,2010,A01,2010 Annual,1354,White,Men
LEU0252931500,2011,A01,2011 Annual,1353,White,Men
LEU0252931500,2012,A01,2012 Annual,1399,White,Men
LEU0252931500,2013,A01,2013 Annual,1416,White,Men
LEU0252931500,2014,A01,2014 Annual,1416,White,Men
LEU0252931500,2015,A01,2015 Annual,1448,White,Men
LEU0252931500,2016,A01,2016 Annual,1491,White,Men
LEU0252931500,2017,A01,2017 Annual,1516,White,Men
LEU0252931500,2018,A01,2018 Annual,1550,White,Men
LEU0252931500,2019,A01,2019 Annual,1612,White,Men
LEU0252931500,2020,A01,2020 Annual,1668,White,Men
LEU0252931500,2021,A01,2021 Annual,1673,White,Men
LEU0252931500,2022,A01,2022 Annual,1774,White,Men
LEU0252931500,2023,A01,2023 Annual,1879,White,Men
LEU0252932100,2000,A01,2000 Annual,972,White,Men
LEU0252932100,2001,A01,2001 Annual,1010,White,Men
LEU0252932100,2002,A01,2002 Annual,1032,White,Men
LEU0252932100,2003,A01,2003 Annual,1081,White,Men
LEU0252932100,2004,A01,2004 Annual,1082,White,Men
LEU0252932100,2005,A01,2005 Annual,1122,White,Men
LEU0252932100,2006,A01,2006 Annual,1142,White,Men
LEU0252932100,2007,A01,2007 Annual,1170,White,Men
LEU0252932100,2008,A01,2008 Annual,1223,White,Men
LEU0252932100,2009,A01,2009 Annual,1241,White,Men
LEU0252932100,2010,A01,2010 Annual,1231,White,Men
LEU0252932100,2011,A01,2011 Annual,1234,White,Men
LEU0252932100,2012,A01,2012 Annual,1269,White,Men
LEU0252932100,2013,A01,2013 Annual,1317,White,Men
LEU0252932100,2014,A01,2014 Annual,1287,White,Men
LEU0252932100,2015,A01,2015 Annual,1345,White,Men
LEU0252932100,2016,A01,2016 Annual,1385,White,Men
LEU0252932100,2017,A01,2017 Annual,1410,White,Men
LEU0252932100,2018,A01,2018 Annual,1428,White,Men
LEU0252932100,2019,A01,2019 Annual,1489,White,Men
LEU0252932100,2020,A01,2020 Annual,1547,White,Men
LEU0252932100,2021,A01,2021 Annual,1543,White,Men
LEU0252932100,2022,A01,2022 Annual,1655,White,Men
LEU0252932100,2023,A01,2023 Annual,1756,White,Men
LEU0252932700,2000,A01,2000 Annual,1194,White,Men
LEU0252932700,2001,A01,2001 Annual,1241,White,Men
LEU0252932700,2002,A01,2002 Annual,1279,White,Men
LEU0252932700,2003,A01,2003 Annual,1339,White,Men
LEU0252932700,2004,A01,2004 Annual,1397,White,Men
LEU0252932700,2005,A01,2005 Annual,1409,White,Men
LEU0252932700,2006,A01,2006 Annual,1446,White,Men
LEU0252932700,2007,A01,2007 Annual,1472,White,Men
LEU0252932700,2008,A01,2008 Annual,1527,White,Men
LEU0252932700,2009,A01,2009 Annual,1559,White,Men
LEU0252932700,2010,A01,2010 Annual,1578,White,Men
LEU0252932700,2011,A01,2011 Annual,1604,White,Men
LEU0252932700,2012,A01,2012 Annual,1650,White,Men
LEU0252932700,2013,A01,2013 Annual,1652,White,Men
LEU0252932700,2014,A01,2014 Annual,1642,White,Men
LEU0252932700,2015,A01,2015 Annual,1661,White,Men
LEU0252932700,2016,A01,2016 Annual,1726,White,Men
LEU0252932700,2017,A01,2017 Annual,1760,White,Men
LEU0252932700,2018,A01,2018 Annual,1836,White,Men
LEU0252932700,2019,A01,2019 Annual,1880,White,Men
LEU0252932700,2020,A01,2020 Annual,1895,White,Men
LEU0252932700,2021,A01,2021 Annual,1916,White,Men
LEU0252932700,2022,A01,2022 Annual,2013,White,Men
LEU0252932700,2023,A01,2023 Annual,2098,White,Men
LEU0254931200,2000,A01,2000 Annual,714,White,Men
LEU0254931200,2001,A01,2001 Annual,745,White,Men
LEU0254931200,2002,A01,2002 Annual,753,White,Men
LEU0254931200,2003,A01,2003 Annual,761,White,Men
LEU0254931200,2004,A01,2004 Annual,787,White,Men
LEU0254931200,2005,A01,2005 Annual,794,White,Men
LEU0254931200,2006,A01,2006 Annual,826,White,Men
LEU0254931200,2007,A01,2007 Annual,841,White,Men
LEU0254931200,2008,A01,2008 Annual,866,White,Men
LEU0254931200,2009,A01,2009 Annual,868,White,Men
LEU0254931200,2010,A01,2010 Annual,877,White,Men
LEU0254931200,2011,A01,2011 Annual,873,White,Men
LEU0254931200,2012,A01,2012 Annual,894,White,Men
LEU0254931200,2013,A01,2013 Annual,893,White,Men
LEU0254931200,2014,A01,2014 Annual,909,White,Men
LEU0254931200,2015,A01,2015 Annual,916,White,Men
LEU0254931200,2016,A01,2016 Annual,927,White,Men
LEU0254931200,2017,A01,2017 Annual,959,White,Men
LEU0254931200,2018,A01,2018 Annual,993,White,Men
LEU0254931200,2019,A01,2019 Annual,1030,White,Men
LEU0254931200,2020,A01,2020 Annual,1073,White,Men
LEU0254931200,2021,A01,2021 Annual,1096,White,Men
LEU0254931200,2022,A01,2022 Annual,1158,White,Men
LEU0254931200,2023,A01,2023 Annual,1206,White,Men
LEU0252933900,2000,A01,2000 Annual,305,White,Women
LEU0252933900,2001,A01,2001 Annual,317,White,Women
LEU0252933900,2002,A01,2002 Annual,325,White,Women
LEU0252933900,2003,A01,2003 Annual,331,White,Women
LEU0252933900,2004,A01,2004 Annual,335,White,Women
LEU0252933900,2005,A01,2005 Annual,340,White,Women
LEU0252933900,2006,A01,2006 Annual,355,White,Women
LEU0252933900,2007,A01,2007 Annual,368,White,Women
LEU0252933900,2008,A01,2008 Annual,378,White,Women
LEU0252933900,2009,A01,2009 Annual,378,White,Women
LEU0252933900,2010,A01,2010 Annual,382,White,Women
LEU0252933900,2011,A01,2011 Annual,394,White,Women
LEU0252933900,2012,A01,2012 Annual,389,White,Women
LEU0252933900,2013,A01,2013 Annual,401,White,Women
LEU0252933900,2014,A01,2014 Annual,406,White,Women
LEU0252933900,2015,A01,2015 Annual,418,White,Women
LEU0252933900,2016,A01,2016 Annual,421,White,Women
LEU0252933900,2017,A01,2017 Annual,446,White,Women
LEU0252933900,2018,A01,2018 Annual,473,White,Women
LEU0252933900,2019,A01,2019 Annual,497,White,Women
LEU0252933900,2020,A01,2020 Annual,520,White,Women
LEU0252933900,2021,A01,2021 Annual,554,White,Women
LEU0252933900,2022,A01,2022 Annual,595,White,Women
LEU0252933900,2023,A01,2023 Annual,631,White,Women
LEU0252934500,2000,A01,2000 Annual,432,White,Women
LEU0252934500,2001,A01,2001 Annual,454,White,Women
LEU0252934500,2002,A01,2002 Annual,470,White,Women
LEU0252934500,2003,A01,2003 Annual,484,White,Women
LEU0252934500,2004,A01,2004 Annual,496,White,Women
LEU0252934500,2005,A01,2005 Annual,504,White,Women
LEU0252934500,2006,A01,2006 Annual,510,White,Women
LEU0252934500,2007,A01,2007 Annual,523,White,Women
LEU0252934500,2008,A01,2008 Annual,535,White,Women
LEU0252934500,2009,A01,2009 Annual,556,White,Women
LEU0252934500,2010,A01,2010 Annual,558,White,Women
LEU0252934500,2011,A01,2011 Annual,572,White,Women
LEU0252934500,2012,A01,2012 Annual,581,White,Women
LEU0252934500,2013,A01,2013 Annual,587,White,Women
LEU0252934500,2014,A01,2014 Annual,591,White,Women
LEU0252934500,2015,A01,2015 Annual,602,White,Women
LEU0252934500,2016,A01,2016 Annual,610,White,Women
LEU0252934500,2017,A01,2017 Annual,627,White,Women
LEU0252934500,2018,A01,2018 Annual,641,White,Women
LEU0252934500,2019,A01,2019 Annual,653,White,Women
LEU0252934500,2020,A01,2020 Annual,685,White,Women
LEU0252934500,2021,A01,2021 Annual,710,White,Women
LEU0252934500,2022,A01,2022 Annual,748,White,Women
LEU0252934500,2023,A01,2023 Annual,783,White,Women
LEU0252935700,2000,A01,2000 Annual,762,White,Women
LEU0252935700,2001,A01,2001 Annual,800,White,Women
LEU0252935700,2002,A01,2002 Annual,819,White,Women
LEU0252935700,2003,A01,2003 Annual,839,White,Women
LEU0252935700,2004,A01,2004 Annual,866,White,Women
LEU0252935700,2005,A01,2005 Annual,891,White,Women
LEU0252935700,2006,A01,2006 Annual,911,White,Women
LEU0252935700,2007,A01,2007 Annual,942,White,Women
LEU0252935700,2008,A01,2008 Annual,961,White,Women
LEU0252935700,2009,A01,2009 Annual,976,White,Women
LEU0252935700,2010,A01,2010 Annual,996,White,Women
LEU0252935700,2011,A01,2011 Annual,1011,White,Women
LEU0252935700,2012,A01,2012 Annual,1012,White,Women
LEU0252935700,2013,A01,2013 Annual,1045,White,Women
LEU0252935700,2014,A01,2014 Annual,1059,White,Women
LEU0252935700,2015,A01,2015 Annual,1070,White,Women
LEU0252935700,2016,A01,2016 Annual,1115,White,Women
LEU0252935700,2017,A01,2017 Annual,1141,White,Women
LEU0252935700,2018,A01,2018 Annual,1152,White,Women
LEU0252935700,2019,A01,2019 Annual,1197,White,Women
LEU0252935700,2020,A01,2020 Annual,1239,White,Women
LEU0252935700,2021,A01,2021 Annual,1292,White,Women
LEU0252935700,2022,A01,2022 Annual,1377,White,Women
LEU0252935700,2023,A01,2023 Annual,1441,White,Women
LEU0252936300,2000,A01,2000 Annual,712,White,Women
LEU0252936300,2001,A01,2001 Annual,750,White,Women
LEU0252936300,2002,A01,2002 Annual,762,White,Women
LEU0252936300,2003,A01,2003 Annual,771,White,Women
LEU0252936300,2004,A01,2004 Annual,800,White,Women
LEU0252936300,2005,A01,2005 Annual,824,White,Women
LEU0252936300,2006,A01,2006 Annual,846,White,Women
LEU0252936300,2007,A01,2007 Annual,870,White,Women
LEU0252936300,2008,A01,2008 Annual,883,White,Women
LEU0252936300,2009,A01,2009 Annual,894,White,Women
LEU0252936300,2010,A01,2010 Annual,918,White,Women
LEU0252936300,2011,A01,2011 Annual,939,White,Women
LEU0252936300,2012,A01,2012 Annual,939,White,Women
LEU0252936300,2013,A01,2013 Annual,962,White,Women
LEU0252936300,2014,A01,2014 Annual,975,White,Women
LEU0252936300,2015,A01,2015 Annual,981,White,Women
LEU0252936300,2016,A01,2016 Annual,1005,White,Women
LEU0252936300,2017,A01,2017 Annual,1031,White,Women
LEU0252936300,2018,A01,2018 Annual,1051,White,Women
LEU0252936300,2019,A01,2019 Annual,1107,White,Women
LEU0252936300,2020,A01,2020 Annual,1142,White,Women
LEU0252936300,2021,A01,2021 Annual,1180,White,Women
LEU0252936300,2022,A01,2022 Annual,1261,White,Women
LEU0252936300,2023,A01,2023 Annual,1337,White,Women
LEU0252936900,2000,A01,2000 Annual,890,White,Women
LEU0252936900,2001,A01,2001 Annual,917,White,Women
LEU0252936900,2002,A01,2002 Annual,933,White,Women
LEU0252936900,2003,A01,2003 Annual,964,White,Women
LEU0252936900,2004,A01,2004 Annual,981,White,Women
LEU0252936900,2005,A01,2005 Annual,1014,White,Women
LEU0252936900,2006,A01,2006 Annual,1028,White,Women
LEU0252936900,2007,A01,2007 Annual,1072,White,Women
LEU0252936900,2008,A01,2008 Annual,1130,White,Women
LEU0252936900,2009,A01,2009 Annual,1149,White,Women
LEU0252936900,2010,A01,2010 Annual,1169,White,Women
LEU0252936900,2011,A01,2011 Annual,1163,White,Women
LEU0252936900,2012,A01,2012 Annual,1164,White,Women
LEU0252936900,2013,A01,2013 Annual,1193,White,Women
LEU0252936900,2014,A01,2014 Annual,1188,White,Women
LEU0252936900,2015,A01,2015 Annual,1206,White,Women
LEU0252936900,2016,A01,2016 Annual,1260,White,Women
LEU0252936900,2017,A01,2017 Annual,1306,White,Women
LEU0252936900,2018,A01,2018 Annual,1330,White,Women
LEU0252936900,2019,A01,2019 Annual,1359,White,Women
LEU0252936900,2020,A01,2020 Annual,1406,White,Women
LEU0252936900,2021,A01,2021 Annual,1465,White,Women
LEU0252936900,2022,A01,2022 Annual,1540,White,Women
LEU0252936900,2023,A01,2023 Annual,1591,White,Women
LEU0254931800,2000,A01,2000 Annual,514,White,Women
LEU0254931800,2001,A01,2001 Annual,530,White,Women
LEU0254931800,2002,A01,2002 Annual,559,White,Women
LEU0254931800,2003,A01,2003 Annual,573,White,Women
LEU0254931800,2004,A01,2004 Annual,586,White,Women
LEU0254931800,2005,A01,2005 Annual,600,White,Women
LEU0254931800,2006,A01,2006 Annual,612,White,Women
LEU0254931800,2007,A01,2007 Annual,621,White,Women
LEU0254931800,2008,A01,2008 Annual,644,White,Women
LEU0254931800,2009,A01,2009 Annual,645,White,Women
LEU0254931800,2010,A01,2010 Annual,654,White,Women
LEU0254931800,2011,A01,2011 Annual,665,White,Women
LEU0254931800,2012,A01,2012 Annual,678,White,Women
LEU0254931800,2013,A01,2013 Annual,677,White,Women
LEU0254931800,2014,A01,2014 Annual,678,White,Women
LEU0254931800,2015,A01,2015 Annual,680,White,Women
LEU0254931800,2016,A01,2016 Annual,704,White,Women
LEU0254931800,2017,A01,2017 Annual,717,White,Women
LEU0254931800,2018,A01,2018 Annual,742,White,Women
LEU0254931800,2019,A01,2019 Annual,755,White,Women
LEU0254931800,2020,A01,2020 Annual,797,White,Women
LEU0254931800,2021,A01,2021 Annual,824,White,Women
LEU0254931800,2022,A01,2022 Annual,871,White,Women
LEU0254931800,2023,A01,2023 Annual,918,White,Women
LEU0254886600,2012,A01,2012 Annual,479,Asian,Men
LEU0254886600,2013,A01,2013 Annual,463,Asian,Men
LEU0254886600,2014,A01,2014 Annual,493,Asian,Men
LEU0254886600,2015,A01,2015 Annual,495,Asian,Men
LEU0254886600,2016,A01,2016 Annual,568,Asian,Men
LEU0254886600,2017,A01,2017 Annual,590,Asian,Men
LEU0254886600,2018,A01,2018 Annual,579,Asian,Men
LEU0254886600,2019,A01,2019 Annual,616,Asian,Men
LEU0254886600,2020,A01,2020 Annual,624,Asian,Men
LEU0254886600,2021,A01,2021 Annual,658,Asian,Men
LEU0254886600,2022,A01,2022 Annual,704,Asian,Men
LEU0254886600,2023,A01,2023 Annual,776,Asian,Men
LEU0254888300,2012,A01,2012 Annual,665,Asian,Men
LEU0254888300,2013,A01,2013 Annual,629,Asian,Men
LEU0254888300,2014,A01,2014 Annual,664,Asian,Men
LEU0254888300,2015,A01,2015 Annual,654,Asian,Men
LEU0254888300,2016,A01,2016 Annual,683,Asian,Men
LEU0254888300,2017,A01,2017 Annual,714,Asian,Men
LEU0254888300,2018,A01,2018 Annual,748,Asian,Men
LEU0254888300,2019,A01,2019 Annual,739,Asian,Men
LEU0254888300,2020,A01,2020 Annual,784,Asian,Men
LEU0254888300,2021,A01,2021 Annual,843,Asian,Men
LEU0254888300,2022,A01,2022 Annual,868,Asian,Men
LEU0254888300,2023,A01,2023 Annual,959,Asian,Men
LEU0254890100,2012,A01,2012 Annual,787,Asian,Men
LEU0254890100,2013,A01,2013 Annual,835,Asian,Men
LEU0254890100,2014,A01,2014 Annual,775,Asian,Men
LEU0254890100,2015,A01,2015 Annual,825,Asian,Men
LEU0254890100,2016,A01,2016 Annual,827,Asian,Men
LEU0254890100,2017,A01,2017 Annual,856,Asian,Men
LEU0254890100,2018,A01,2018 Annual,887,Asian,Men
LEU0254890100,2019,A01,2019 Annual,935,Asian,Men
LEU0254890100,2020,A01,2020 Annual,1007,Asian,Men
LEU0254890100,2021,A01,2021 Annual,989,Asian,Men
LEU0254890100,2022,A01,2022 Annual,1061,Asian,Men
LEU0254890100,2023,A01,2023 Annual,1126,Asian,Men
LEU0254891900,2012,A01,2012 Annual,1426,Asian,Men
LEU0254891900,2013,A01,2013 Annual,1491,Asian,Men
LEU0254891900,2014,A01,2014 Annual,1472,Asian,Men
LEU0254891900,2015,A01,2015 Annual,1495,Asian,Men
LEU0254891900,2016,A01,2016 Annual,1600,Asian,Men
LEU0254891900,2017,A01,2017 Annual,1625,Asian,Men
LEU0254891900,2018,A01,2018 Annual,1685,Asian,Men
LEU0254891900,2019,A01,2019 Annual,1823,Asian,Men
LEU0254891900,2020,A01,2020 Annual,1871,Asian,Men
LEU0254891900,2021,A01,2021 Annual,1885,Asian,Men
LEU0254891900,2022,A01,2022 Annual,1983,Asian,Men
LEU0254891900,2023,A01,2023 Annual,2084,Asian,Men
LEU0254893700,2012,A01,2012 Annual,1265,Asian,Men
LEU0254893700,2013,A01,2013 Annual,1332,Asian,Men
LEU0254893700,2014,A01,2014 Annual,1256,Asian,Men
LEU0254893700,2015,A01,2015 Annual,1316,Asian,Men
LEU0254893700,2016,A01,2016 Annual,1371,Asian,Men
LEU0254893700,2017,A01,2017 Annual,1437,Asian,Men
LEU0254893700,2018,A01,2018 Annual,1462,Asian,Men
LEU0254893700,2019,A01,2019 Annual,1556,Asian,Men
LEU0254893700,2020,A01,2020 Annual,1594,Asian,Men
LEU0254893700,2021,A01,2021 Annual,1631,Asian,Men
LEU0254893700,2022,A01,2022 Annual,1830,Asian,Men
LEU0254893700,2023,A01,2023 Annual,1827,Asian,Men
LEU0254895500,2012,A01,2012 Annual,1614,Asian,Men
LEU0254895500,2013,A01,2013 Annual,1734,Asian,Men
LEU0254895500,2014,A01,2014 Annual,1752,Asian,Men
LEU0254895500,2015,A01,2015 Annual,1745,Asian,Men
LEU0254895500,2016,A01,2016 Annual,1878,Asian,Men
LEU0254895500,2017,A01,2017 Annual,1800,Asian,Men
LEU0254895500,2018,A01,2018 Annual,1882,Asian,Men
LEU0254895500,2019,A01,2019 Annual,1999,Asian,Men
LEU0254895500,2020,A01,2020 Annual,2006,Asian,Men
LEU0254895500,2021,A01,2021 Annual,2090,Asian,Men
LEU0254895500,2022,A01,2022 Annual,2279,Asian,Men
LEU0254895500,2023,A01,2023 Annual,2384,Asian,Men
LEU0254887100,2012,A01,2012 Annual,398,Asian,Women
LEU0254887100,2013,A01,2013 Annual,405,Asian,Women
LEU0254887100,2014,A01,2014 Annual,450,Asian,Women
LEU0254887100,2015,A01,2015 Annual,443,Asian,Women
LEU0254887100,2016,A01,2016 Annual,461,Asian,Women
LEU0254887100,2017,A01,2017 Annual,438,Asian,Women
LEU0254887100,2018,A01,2018 Annual,491,Asian,Women
LEU0254887100,2019,A01,2019 Annual,487,Asian,Women
LEU0254887100,2020,A01,2020 Annual,586,Asian,Women
LEU0254887100,2021,A01,2021 Annual,533,Asian,Women
LEU0254887100,2022,A01,2022 Annual,602,Asian,Women
LEU0254887100,2023,A01,2023 Annual,627,Asian,Women
LEU0254888900,2012,A01,2012 Annual,504,Asian,Women
LEU0254888900,2013,A01,2013 Annual,551,Asian,Women
LEU0254888900,2014,A01,2014 Annual,543,Asian,Women
LEU0254888900,2015,A01,2015 Annual,577,Asian,Women
LEU0254888900,2016,A01,2016 Annual,592,Asian,Women
LEU0254888900,2017,A01,2017 Annual,591,Asian,Women
LEU0254888900,2018,A01,2018 Annual,583,Asian,Women
LEU0254888900,2019,A01,2019 Annual,607,Asian,Women
LEU0254888900,2020,A01,2020 Annual,617,Asian,Women
LEU0254888900,2021,A01,2021 Annual,673,Asian,Women
LEU0254888900,2022,A01,2022 Annual,710,Asian,Women
LEU0254888900,2023,A01,2023 Annual,769,Asian,Women
LEU0254890700,2012,A01,2012 Annual,656,Asian,Women
LEU0254890700,2013,A01,2013 Annual,671,Asian,Women
LEU0254890700,2014,A01,2014 Annual,706,Asian,Women
LEU0254890700,2015,A01,2015 Annual,681,Asian,Women
LEU0254890700,2016,A01,2016 Annual,710,Asian,Women
LEU0254890700,2017,A01,2017 Annual,710,Asian,Women
LEU0254890700,2018,A01,2018 Annual,717,Asian,Women
LEU0254890700,2019,A01,2019 Annual,779,Asian,Women
LEU0254890700,2020,A01,2020 Annual,792,Asian,Women
LEU0254890700,2021,A01,2021 Annual,833,Asian,Women
LEU0254890700,2022,A01,2022 Annual,837,Asian,Women
LEU0254890700,2023,A01,2023 Annual,932,Asian,Women
LEU0254892500,2012,A01,2012 Annual,1077,Asian,Women
LEU0254892500,2013,A01,2013 Annual,1138,Asian,Women
LEU0254892500,2014,A01,2014 Annual,1140,Asian,Women
LEU0254892500,2015,A01,2015 Annual,1162,Asian,Women
LEU0254892500,2016,A01,2016 Annual,1262,Asian,Women
LEU0254892500,2017,A01,2017 Annual,1248,Asian,Women
LEU0254892500,2018,A01,2018 Annual,1242,Asian,Women
LEU0254892500,2019,A01,2019 Annual,1416,Asian,Women
LEU0254892500,2020,A01,2020 Annual,1440,Asian,Women
LEU0254892500,2021,A01,2021 Annual,1496,Asian,Women
LEU0254892500,2022,A01,2022 Annual,1571,Asian,Women
LEU0254892500,2023,A01,2023 Annual,1643,Asian,Women
LEU0254894300,2012,A01,2012 Annual,992,Asian,Women
LEU0254894300,2013,A01,2013 Annual,1040,Asian,Women
LEU0254894300,2014,A01,2014 Annual,1037,Asian,Women
LEU0254894300,2015,A01,2015 Annual,1070,Asian,Women
LEU0254894300,2016,A01,2016 Annual,1129,Asian,Women
LEU0254894300,2017,A01,2017 Annual,1090,Asian,Women
LEU0254894300,2018,A01,2018 Annual,1124,Asian,Women
LEU0254894300,2019,A01,2019 Annual,1247,Asian,Women
LEU0254894300,2020,A01,2020 Annual,1238,Asian,Women
LEU0254894300,2021,A01,2021 Annual,1351,Asian,Women
LEU0254894300,2022,A01,2022 Annual,1394,Asian,Women
LEU0254894300,2023,A01,2023 Annual,1428,Asian,Women
LEU0254896100,2012,A01,2012 Annual,1273,Asian,Women
LEU0254896100,2013,A01,2013 Annual,1287,Asian,Women
LEU0254896100,2014,A01,2014 Annual,1342,Asian,Women
LEU0254896100,2015,A01,2015 Annual,1361,Asian,Women
LEU0254896100,2016,A01,2016 Annual,1457,Asian,Women
LEU0254896100,2017,A01,2017 Annual,1462,Asian,Women
LEU0254896100,2018,A01,2018 Annual,1460,Asian,Women
LEU0254896100,2019,A01,2019 Annual,1615,Asian,Women
LEU0254896100,2020,A01,2020 Annual,1709,Asian,Women
LEU0254896100,2021,A01,2021 Annual,1619,Asian,Women
LEU0254896100,2022,A01,2022 Annual,1836,Asian,Women
LEU0254896100,2023,A01,2023 Annual,1899,Asian,Women
LEU0252938100,2000,A01,2000 Annual,402,Black or African American,Men
LEU0252938100,2001,A01,2001 Annual,397,Black or African American,Men
LEU0252938100,2002,A01,2002 Annual,401,Black or African American,Men
LEU0252938100,2003,A01,2003 Annual,421,Black or African American,Men
LEU0252938100,2004,A01,2004 Annual,416,Black or African American,Men
LEU0252938100,2005,A01,2005 Annual,404,Black or African American,Men
LEU0252938100,2006,A01,2006 Annual,419,Black or African American,Men
LEU0252938100,2007,A01,2007 Annual,449,Black or African American,Men
LEU0252938100,2008,A01,2008 Annual,449,Black or African American,Men
LEU0252938100,2009,A01,2009 Annual,453,Black or African American,Men
LEU0252938100,2010,A01,2010 Annual,466,Black or African American,Men
LEU0252938100,2011,A01,2011 Annual,447,Black or African American,Men
LEU0252938100,2012,A01,2012 Annual,446,Black or African American,Men
LEU0252938100,2013,A01,2013 Annual,456,Black or African American,Men
LEU0252938100,2014,A01,2014 Annual,476,Black or African American,Men
LEU0252938100,2015,A01,2015 Annual,492,Black or African American,Men
LEU0252938100,2016,A01,2016 Annual,496,Black or African American,Men
LEU0252938100,2017,A01,2017 Annual,504,Black or African American,Men
LEU0252938100,2018,A01,2018 Annual,526,Black or African American,Men
LEU0252938100,2019,A01,2019 Annual,575,Black or African American,Men
LEU0252938100,2020,A01,2020 Annual,605,Black or African American,Men
LEU0252938100,2021,A01,2021 Annual,597,Black or African American,Men
LEU0252938100,2022,A01,2022 Annual,675,Black or African American,Men
LEU0252938100,2023,A01,2023 Annual,692,Black or African American,Men
LEU0252938700,2000,A01,2000 Annual,491,Black or African American,Men
LEU0252938700,2001,A01,2001 Annual,509,Black or African American,Men
LEU0252938700,2002,A01,2002 Annual,505,Black or African American,Men
LEU0252938700,2003,A01,2003 Annual,519,Black or African American,Men
LEU0252938700,2004,A01,2004 Annual,520,Black or African American,Men
LEU0252938700,2005,A01,2005 Annual,528,Black or African American,Men
LEU0252938700,2006,A01,2006 Annual,543,Black or African American,Men
LEU0252938700,2007,A01,2007 Annual,549,Black or African American,Men
LEU0252938700,2008,A01,2008 Annual,581,Black or African American,Men
LEU0252938700,2009,A01,2009 Annual,588,Black or African American,Men
LEU0252938700,2010,A01,2010 Annual,593,Black or African American,Men
LEU0252938700,2011,A01,2011 Annual,598,Black or African American,Men
LEU0252938700,2012,A01,2012 Annual,604,Black or African American,Men
LEU0252938700,2013,A01,2013 Annual,601,Black or African American,Men
LEU0252938700,2014,A01,2014 Annual,630,Black or African American,Men
LEU0252938700,2015,A01,2015 Annual,614,Black or African American,Men
LEU0252938700,2016,A01,2016 Annual,626,Black or African American,Men
LEU0252938700,2017,A01,2017 Annual,653,Black or African American,Men
LEU0252938700,2018,A01,2018 Annual,667,Black or African American,Men
LEU0252938700,2019,A01,2019 Annual,696,Black or African American,Men
LEU0252938700,2020,A01,2020 Annual,738,Black or African American,Men
LEU0252938700,2021,A01,2021 Annual,754,Black or African American,Men
LEU0252938700,2022,A01,2022 Annual,809,Black or African American,Men
LEU0252938700,2023,A01,2023 Annual,850,Black or African American,Men
LEU0252939900,2000,A01,2000 Annual,778,Black or African American,Men
LEU0252939900,2001,A01,2001 Annual,827,Black or African American,Men
LEU0252939900,2002,A01,2002 Annual,830,Black or African American,Men
LEU0252939900,2003,A01,2003 Annual,790,Black or African American,Men
LEU0252939900,2004,A01,2004 Annual,874,Black or African American,Men
LEU0252939900,2005,A01,2005 Annual,878,Black or African American,Men
LEU0252939900,2006,A01,2006 Annual,959,Black or African American,Men
LEU0252939900,2007,A01,2007 Annual,931,Black or African American,Men
LEU0252939900,2008,A01,2008 Annual,966,Black or African American,Men
LEU0252939900,2009,A01,2009 Annual,987,Black or African American,Men
LEU0252939900,2010,A01,2010 Annual,1010,Black or African American,Men
LEU0252939900,2011,A01,2011 Annual,1027,Black or African American,Men
LEU0252939900,2012,A01,2012 Annual,1086,Black or African American,Men
LEU0252939900,2013,A01,2013 Annual,1045,Black or African American,Men
LEU0252939900,2014,A01,2014 Annual,1027,Black or African American,Men
LEU0252939900,2015,A01,2015 Annual,1103,Black or African American,Men
LEU0252939900,2016,A01,2016 Annual,1052,Black or African American,Men
LEU0252939900,2017,A01,2017 Annual,1109,Black or African American,Men
LEU0252939900,2018,A01,2018 Annual,1139,Black or African American,Men
LEU0252939900,2019,A01,2019 Annual,1144,Black or African American,Men
LEU0252939900,2020,A01,2020 Annual,1247,Black or African American,Men
LEU0252939900,2021,A01,2021 Annual,1321,Black or African American,Men
LEU0252939900,2022,A01,2022 Annual,1452,Black or African American,Men
LEU0252939900,2023,A01,2023 Annual,1477,Black or African American,Men
LEU0252940500,2000,A01,2000 Annual,735,Black or African American,Men
LEU0252940500,2001,A01,2001 Annual,765,Black or African American,Men
LEU0252940500,2002,A01,2002 Annual,772,Black or African American,Men
LEU0252940500,2003,A01,2003 Annual,774,Black or African American,Men
LEU0252940500,2004,A01,2004 Annual,837,Black or African American,Men
LEU0252940500,2005,A01,2005 Annual,827,Black or African American,Men
LEU0252940500,2006,A01,2006 Annual,875,Black or African American,Men
LEU0252940500,2007,A01,2007 Annual,875,Black or African American,Men
LEU0252940500,2008,A01,2008 Annual,886,Black or African American,Men
LEU0252940500,2009,A01,2009 Annual,898,Black or African American,Men
LEU0252940500,2010,A01,2010 Annual,941,Black or African American,Men
LEU0252940500,2011,A01,2011 Annual,979,Black or African American,Men
LEU0252940500,2012,A01,2012 Annual,975,Black or African American,Men
LEU0252940500,2013,A01,2013 Annual,964,Black or African American,Men
LEU0252940500,2014,A01,2014 Annual,929,Black or African American,Men
LEU0252940500,2015,A01,2015 Annual,1002,Black or African American,Men
LEU0252940500,2016,A01,2016 Annual,965,Black or African American,Men
LEU0252940500,2017,A01,2017 Annual,998,Black or African American,Men
LEU0252940500,2018,A01,2018 Annual,1038,Black or African American,Men
LEU0252940500,2019,A01,2019 Annual,1056,Black or African American,Men
LEU0252940500,2020,A01,2020 Annual,1124,Black or African American,Men
LEU0252940500,2021,A01,2021 Annual,1167,Black or African American,Men
LEU0252940500,2022,A01,2022 Annual,1353,Black or African American,Men
LEU0252940500,2023,A01,2023 Annual,1356,Black or African American,Men
LEU0252941100,2000,A01,2000 Annual,949,Black or African American,Men
LEU0252941100,2001,A01,2001 Annual,1068,Black or African American,Men
LEU0252941100,2002,A01,2002 Annual,948,Black or African American,Men
LEU0252941100,2003,A01,2003 Annual,863,Black or African American,Men
LEU0252941100,2004,A01,2004 Annual,1013,Black or African American,Men
LEU0252941100,2005,A01,2005 Annual,1046,Black or African American,Men
LEU0252941100,2006,A01,2006 Annual,1181,Black or African American,Men
LEU0252941100,2007,A01,2007 Annual,1125,Black or African American,Men
LEU0252941100,2008,A01,2008 Annual,1235,Black or African American,Men
LEU0252941100,2009,A01,2009 Annual,1152,Black or African American,Men
LEU0252941100,2010,A01,2010 Annual,1176,Black or African American,Men
LEU0252941100,2011,A01,2011 Annual,1174,Black or African American,Men
LEU0252941100,2012,A01,2012 Annual,1333,Black or African American,Men
LEU0252941100,2013,A01,2013 Annual,1279,Black or African American,Men
LEU0252941100,2014,A01,2014 Annual,1331,Black or African American,Men
LEU0252941100,2015,A01,2015 Annual,1304,Black or African American,Men
LEU0252941100,2016,A01,2016 Annual,1331,Black or African American,Men
LEU0252941100,2017,A01,2017 Annual,1295,Black or African American,Men
LEU0252941100,2018,A01,2018 Annual,1360,Black or African American,Men
LEU0252941100,2019,A01,2019 Annual,1434,Black or African American,Men
LEU0252941100,2020,A01,2020 Annual,1538,Black or African American,Men
LEU0252941100,2021,A01,2021 Annual,1561,Black or African American,Men
LEU0252941100,2022,A01,2022 Annual,1604,Black or African American,Men
LEU0252941100,2023,A01,2023 Annual,1672,Black or African American,Men
LEU0254932400,2000,A01,2000 Annual,560,Black or African American,Men
LEU0254932400,2001,A01,2001 Annual,600,Black or African American,Men
LEU0254932400,2002,A01,2002 Annual,600,Black or African American,Men
LEU0254932400,2003,A01,2003 Annual,609,Black or African American,Men
LEU0254932400,2004,A01,2004 Annual,620,Black or African American,Men
LEU0254932400,2005,A01,2005 Annual,611,Black or African American,Men
LEU0254932400,2006,A01,2006 Annual,642,Black or African American,Men
LEU0254932400,2007,A01,2007 Annual,645,Black or African American,Men
LEU0254932400,2008,A01,2008 Annual,665,Black or African American,Men
LEU0254932400,2009,A01,2009 Annual,655,Black or African American,Men
LEU0254932400,2010,A01,2010 Annual,657,Black or African American,Men
LEU0254932400,2011,A01,2011 Annual,687,Black or African American,Men
LEU0254932400,2012,A01,2012 Annual,694,Black or African American,Men
LEU0254932400,2013,A01,2013 Annual,680,Black or African American,Men
LEU0254932400,2014,A01,2014 Annual,705,Black or African American,Men
LEU0254932400,2015,A01,2015 Annual,715,Black or African American,Men
LEU0254932400,2016,A01,2016 Annual,759,Black or African American,Men
LEU0254932400,2017,A01,2017 Annual,736,Black or African American,Men
LEU0254932400,2018,A01,2018 Annual,755,Black or African American,Men
LEU0254932400,2019,A01,2019 Annual,791,Black or African American,Men
LEU0254932400,2020,A01,2020 Annual,845,Black or African American,Men
LEU0254932400,2021,A01,2021 Annual,838,Black or African American,Men
LEU0254932400,2022,A01,2022 Annual,892,Black or African American,Men
LEU0254932400,2023,A01,2023 Annual,989,Black or African American,Men
LEU0252942300,2000,A01,2000 Annual,303,Black or African American,Women
LEU0252942300,2001,A01,2001 Annual,306,Black or African American,Women
LEU0252942300,2002,A01,2002 Annual,314,Black or African American,Women
LEU0252942300,2003,A01,2003 Annual,324,Black or African American,Women
LEU0252942300,2004,A01,2004 Annual,326,Black or African American,Women
LEU0252942300,2005,A01,2005 Annual,339,Black or African American,Women
LEU0252942300,2006,A01,2006 Annual,359,Black or African American,Women
LEU0252942300,2007,A01,2007 Annual,374,Black or African American,Women
LEU0252942300,2008,A01,2008 Annual,382,Black or African American,Women
LEU0252942300,2009,A01,2009 Annual,391,Black or African American,Women
LEU0252942300,2010,A01,2010 Annual,402,Black or African American,Women
LEU0252942300,2011,A01,2011 Annual,385,Black or African American,Women
LEU0252942300,2012,A01,2012 Annual,377,Black or African American,Women
LEU0252942300,2013,A01,2013 Annual,391,Black or African American,Women
LEU0252942300,2014,A01,2014 Annual,413,Black or African American,Women
LEU0252942300,2015,A01,2015 Annual,406,Black or African American,Women
LEU0252942300,2016,A01,2016 Annual,422,Black or African American,Women
LEU0252942300,2017,A01,2017 Annual,450,Black or African American,Women
LEU0252942300,2018,A01,2018 Annual,423,Black or African American,Women
LEU0252942300,2019,A01,2019 Annual,478,Black or African American,Women
LEU0252942300,2020,A01,2020 Annual,522,Black or African American,Women
LEU0252942300,2021,A01,2021 Annual,532,Black or African American,Women
LEU0252942300,2022,A01,2022 Annual,557,Black or African American,Women
LEU0252942300,2023,A01,2023 Annual,582,Black or African American,Women
LEU0252942900,2000,A01,2000 Annual,384,Black or African American,Women
LEU0252942900,2001,A01,2001 Annual,397,Black or African American,Women
LEU0252942900,2002,A01,2002 Annual,408,Black or African American,Women
LEU0252942900,2003,A01,2003 Annual,434,Black or African American,Women
LEU0252942900,2004,A01,2004 Annual,457,Black or African American,Women
LEU0252942900,2005,A01,2005 Annual,436,Black or African American,Women
LEU0252942900,2006,A01,2006 Annual,455,Black or African American,Women
LEU0252942900,2007,A01,2007 Annual,470,Black or African American,Women
LEU0252942900,2008,A01,2008 Annual,480,Black or African American,Women
LEU0252942900,2009,A01,2009 Annual,497,Black or African American,Women
LEU0252942900,2010,A01,2010 Annual,490,Black or African American,Women
LEU0252942900,2011,A01,2011 Annual,493,Black or African American,Women
LEU0252942900,2012,A01,2012 Annual,499,Black or African American,Women
LEU0252942900,2013,A01,2013 Annual,508,Black or African American,Women
LEU0252942900,2014,A01,2014 Annual,509,Black or African American,Women
LEU0252942900,2015,A01,2015 Annual,511,Black or African American,Women
LEU0252942900,2016,A01,2016 Annual,539,Black or African American,Women
LEU0252942900,2017,A01,2017 Annual,539,Black or African American,Women
LEU0252942900,2018,A01,2018 Annual,546,Black or African American,Women
LEU0252942900,2019,A01,2019 Annual,586,Black or African American,Women
LEU0252942900,2020,A01,2020 Annual,622,Black or African American,Women
LEU0252942900,2021,A01,2021 Annual,653,Black or African American,Women
LEU0252942900,2022,A01,2022 Annual,697,Black or African American,Women
LEU0252942900,2023,A01,2023 Annual,733,Black or African American,Women
LEU0252944100,2000,A01,2000 Annual,722,Black or African American,Women
LEU0252944100,2001,A01,2001 Annual,726,Black or African American,Women
LEU0252944100,2002,A01,2002 Annual,762,Black or African American,Women
LEU0252944100,2003,A01,2003 Annual,797,Black or African American,Women
LEU0252944100,2004,A01,2004 Annual,794,Black or African American,Women
LEU0252944100,2005,A01,2005 Annual,789,Black or African American,Women
LEU0252944100,2006,A01,2006 Annual,827,Black or African American,Women
LEU0252944100,2007,A01,2007 Annual,837,Black or African American,Women
LEU0252944100,2008,A01,2008 Annual,862,Black or African American,Women
LEU0252944100,2009,A01,2009 Annual,886,Black or African American,Women
LEU0252944100,2010,A01,2010 Annual,889,Black or African American,Women
LEU0252944100,2011,A01,2011 Annual,915,Black or African American,Women
LEU0252944100,2012,A01,2012 Annual,913,Black or African American,Women
LEU0252944100,2013,A01,2013 Annual,964,Black or African American,Women
LEU0252944100,2014,A01,2014 Annual,942,Black or African American,Women
LEU0252944100,2015,A01,2015 Annual,961,Black or African American,Women
LEU0252944100,2016,A01,2016 Annual,960,Black or African American,Women
LEU0252944100,2017,A01,2017 Annual,980,Black or African American,Women
LEU0252944100,2018,A01,2018 Annual,1013,Black or African American,Women
LEU0252944100,2019,A01,2019 Annual,1077,Black or African American,Women
LEU0252944100,2020,A01,2020 Annual,1129,Black or African American,Women
LEU0252944100,2021,A01,2021 Annual,1105,Black or African American,Women
LEU0252944100,2022,A01,2022 Annual,1169,Black or African American,Women
LEU0252944100,2023,A01,2023 Annual,1274,Black or African American,Women
LEU0252944700,2000,A01,2000 Annual,673,Black or African American,Women
LEU0252944700,2001,A01,2001 Annual,699,Black or African American,Women
LEU0252944700,2002,A01,2002 Annual,712,Black or African American,Women
LEU0252944700,2003,A01,2003 Annual,756,Black or African American,Women
LEU0252944700,2004,A01,2004 Annual,742,Black or African American,Women
LEU0252944700,2005,A01,2005 Annual,725,Black or African American,Women
LEU0252944700,2006,A01,2006 Annual,767,Black or African American,Women
LEU0252944700,2007,A01,2007 Annual,771,Black or African American,Women
LEU0252944700,2008,A01,2008 Annual,804,Black or African American,Women
LEU0252944700,2009,A01,2009 Annual,832,Black or African American,Women
LEU0252944700,2010,A01,2010 Annual,841,Black or African American,Women
LEU0252944700,2011,A01,2011 Annual,843,Black or African American,Women
LEU0252944700,2012,A01,2012 Annual,846,Black or African American,Women
LEU0252944700,2013,A01,2013 Annual,886,Black or African American,Women
LEU0252944700,2014,A01,2014 Annual,870,Black or African American,Women
LEU0252944700,2015,A01,2015 Annual,914,Black or African American,Women
LEU0252944700,2016,A01,2016 Annual,877,Black or African American,Women
LEU0252944700,2017,A01,2017 Annual,897,Black or African American,Women
LEU0252944700,2018,A01,2018 Annual,937,Black or African American,Women
LEU0252944700,2019,A01,2019 Annual,970,Black or African American,Women
LEU0252944700,2020,A01,2020 Annual,1011,Black or African American,Women
LEU0252944700,2021,A01,2021 Annual,995,Black or African American,Women
LEU0252944700,2022,A01,2022 Annual,1076,Black or African American,Women
LEU0252944700,2023,A01,2023 Annual,1157,Black or African American,Women
LEU0252945300,2000,A01,2000 Annual,790,Black or African American,Women
LEU0252945300,2001,A01,2001 Annual,799,Black or African American,Women
LEU0252945300,2002,A01,2002 Annual,894,Black or African American,Women
LEU0252945300,2003,A01,2003 Annual,893,Black or African American,Women
LEU0252945300,2004,A01,2004 Annual,959,Black or African American,Women
LEU0252945300,2005,A01,2005 Annual,930,Black or African American,Women
LEU0252945300,2006,A01,2006 Annual,948,Black or African American,Women
LEU0252945300,2007,A01,2007 Annual,1003,Black or African American,Women
LEU0252945300,2008,A01,2008 Annual,1026,Black or African American,Women
LEU0252945300,2009,A01,2009 Annual,1040,Black or African American,Women
LEU0252945300,2010,A01,2010 Annual,1010,Black or African American,Women
LEU0252945300,2011,A01,2011 Annual,1024,Black or African American,Women
LEU0252945300,2012,A01,2012 Annual,997,Black or African American,Women
LEU0252945300,2013,A01,2013 Annual,1116,Black or African American,Women
LEU0252945300,2014,A01,2014 Annual,1059,Black or African American,Women
LEU0252945300,2015,A01,2015 Annual,1091,Black or African American,Women
LEU0252945300,2016,A01,2016 Annual,1115,Black or African American,Women
LEU0252945300,2017,A01,2017 Annual,1133,Black or African American,Women
LEU0252945300,2018,A01,2018 Annual,1169,Black or African American,Women
LEU0252945300,2019,A01,2019 Annual,1231,Black or African American,Women
LEU0252945300,2020,A01,2020 Annual,1323,Black or African American,Women
LEU0252945300,2021,A01,2021 Annual,1248,Black or African American,Women
LEU0252945300,2022,A01,2022 Annual,1357,Black or African American,Women
LEU0252945300,2023,A01,2023 Annual,1478,Black or African American,Women
LEU0254933000,2000,A01,2000 Annual,467,Black or African American,Women
LEU0254933000,2001,A01,2001 Annual,488,Black or African American,Women
LEU0254933000,2002,A01,2002 Annual,500,Black or African American,Women
LEU0254933000,2003,A01,2003 Annual,510,Black or African American,Women
LEU0254933000,2004,A01,2004 Annual,521,Black or African American,Women
LEU0254933000,2005,A01,2005 Annual,513,Black or African American,Women
LEU0254933000,2006,A01,2006 Annual,534,Black or African American,Women
LEU0254933000,2007,A01,2007 Annual,552,Black or African American,Women
LEU0254933000,2008,A01,2008 Annual,576,Black or African American,Women
LEU0254933000,2009,A01,2009 Annual,581,Black or African American,Women
LEU0254933000,2010,A01,2010 Annual,587,Black or African American,Women
LEU0254933000,2011,A01,2011 Annual,589,Black or African American,Women
LEU0254933000,2012,A01,2012 Annual,595,Black or African American,Women
LEU0254933000,2013,A01,2013 Annual,596,Black or African American,Women
LEU0254933000,2014,A01,2014 Annual,600,Black or African American,Women
LEU0254933000,2015,A01,2015 Annual,601,Black or African American,Women
LEU0254933000,2016,A01,2016 Annual,622,Black or African American,Women
LEU0254933000,2017,A01,2017 Annual,633,Black or African American,Women
LEU0254933000,2018,A01,2018 Annual,628,Black or African American,Women
LEU0254933000,2019,A01,2019 Annual,662,Black or African American,Women
LEU0254933000,2020,A01,2020 Annual,714,Black or African American,Women
LEU0254933000,2021,A01,2021 Annual,718,Black or African American,Women
LEU0254933000,2022,A01,2022 Annual,767,Black or African American,Women
LEU0254933000,2023,A01,2023 Annual,811,Black or African American,Women
LEU0254874700,2000,A01,2000 Annual,359,Hispanic or Latino,Men
LEU0254874700,2001,A01,2001 Annual,382,Hispanic or Latino,Men
LEU0254874700,2002,A01,2002 Annual,391,Hispanic or Latino,Men
LEU0254874700,2003,A01,2003 Annual,393,Hispanic or Latino,Men
LEU0254874700,2004,A01,2004 Annual,402,Hispanic or Latino,Men
LEU0254874700,2005,A01,2005 Annual,414,Hispanic or Latino,Men
LEU0254874700,2006,A01,2006 Annual,420,Hispanic or Latino,Men
LEU0254874700,2007,A01,2007 Annual,428,Hispanic or Latino,Men
LEU0254874700,2008,A01,2008 Annual,472,Hispanic or Latino,Men
LEU0254874700,2009,A01,2009 Annual,469,Hispanic or Latino,Men
LEU0254874700,2010,A01,2010 Annual,443,Hispanic or Latino,Men
LEU0254874700,2011,A01,2011 Annual,450,Hispanic or Latino,Men
LEU0254874700,2012,A01,2012 Annual,486,Hispanic or Latino,Men
LEU0254874700,2013,A01,2013 Annual,480,Hispanic or Latino,Men
LEU0254874700,2014,A01,2014 Annual,497,Hispanic or Latino,Men
LEU0254874700,2015,A01,2015 Annual,502,Hispanic or Latino,Men
LEU0254874700,2016,A01,2016 Annual,518,Hispanic or Latino,Men
LEU0254874700,2017,A01,2017 Annual,564,Hispanic or Latino,Men
LEU0254874700,2018,A01,2018 Annual,598,Hispanic or Latino,Men
LEU0254874700,2019,A01,2019 Annual,622,Hispanic or Latino,Men
LEU0254874700,2020,A01,2020 Annual,644,Hispanic or Latino,Men
LEU0254874700,2021,A01,2021 Annual,660,Hispanic or Latino,Men
LEU0254874700,2022,A01,2022 Annual,730,Hispanic or Latino,Men
LEU0254874700,2023,A01,2023 Annual,742,Hispanic or Latino,Men
LEU0254876400,2000,A01,2000 Annual,487,Hispanic or Latino,Men
LEU0254876400,2001,A01,2001 Annual,498,Hispanic or Latino,Men
LEU0254876400,2002,A01,2002 Annual,507,Hispanic or Latino,Men
LEU0254876400,2003,A01,2003 Annual,522,Hispanic or Latino,Men
LEU0254876400,2004,A01,2004 Annual,521,Hispanic or Latino,Men
LEU0254876400,2005,A01,2005 Annual,530,Hispanic or Latino,Men
LEU0254876400,2006,A01,2006 Annual,569,Hispanic or Latino,Men
LEU0254876400,2007,A01,2007 Annual,584,Hispanic or Latino,Men
LEU0254876400,2008,A01,2008 Annual,603,Hispanic or Latino,Men
LEU0254876400,2009,A01,2009 Annual,594,Hispanic or Latino,Men
LEU0254876400,2010,A01,2010 Annual,590,Hispanic or Latino,Men
LEU0254876400,2011,A01,2011 Annual,606,Hispanic or Latino,Men
LEU0254876400,2012,A01,2012 Annual,624,Hispanic or Latino,Men
LEU0254876400,2013,A01,2013 Annual,629,Hispanic or Latino,Men
LEU0254876400,2014,A01,2014 Annual,637,Hispanic or Latino,Men
LEU0254876400,2015,A01,2015 Annual,678,Hispanic or Latino,Men
LEU0254876400,2016,A01,2016 Annual,679,Hispanic or Latino,Men
LEU0254876400,2017,A01,2017 Annual,709,Hispanic or Latino,Men
LEU0254876400,2018,A01,2018 Annual,738,Hispanic or Latino,Men
LEU0254876400,2019,A01,2019 Annual,761,Hispanic or Latino,Men
LEU0254876400,2020,A01,2020 Annual,791,Hispanic or Latino,Men
LEU0254876400,2021,A01,2021 Annual,824,Hispanic or Latino,Men
LEU0254876400,2022,A01,2022 Annual,864,Hispanic or Latino,Men
LEU0254876400,2023,A01,2023 Annual,908,Hispanic or Latino,Men
LEU0254878200,2000,A01,2000 Annual,597,Hispanic or Latino,Men
LEU0254878200,2001,A01,2001 Annual,627,Hispanic or Latino,Men
LEU0254878200,2002,A01,2002 Annual,616,Hispanic or Latino,Men
LEU0254878200,2003,A01,2003 Annual,623,Hispanic or Latino,Men
LEU0254878200,2004,A01,2004 Annual,650,Hispanic or Latino,Men
LEU0254878200,2005,A01,2005 Annual,659,Hispanic or Latino,Men
LEU0254878200,2006,A01,2006 Annual,673,Hispanic or Latino,Men
LEU0254878200,2007,A01,2007 Annual,714,Hispanic or Latino,Men
LEU0254878200,2008,A01,2008 Annual,724,Hispanic or Latino,Men
LEU0254878200,2009,A01,2009 Annual,729,Hispanic or Latino,Men
LEU0254878200,2010,A01,2010 Annual,731,Hispanic or Latino,Men
LEU0254878200,2011,A01,2011 Annual,737,Hispanic or Latino,Men
LEU0254878200,2012,A01,2012 Annual,758,Hispanic or Latino,Men
LEU0254878200,2013,A01,2013 Annual,749,Hispanic or Latino,Men
LEU0254878200,2014,A01,2014 Annual,780,Hispanic or Latino,Men
LEU0254878200,2015,A01,2015 Annual,796,Hispanic or Latino,Men
LEU0254878200,2016,A01,2016 Annual,803,Hispanic or Latino,Men
LEU0254878200,2017,A01,2017 Annual,812,Hispanic or Latino,Men
LEU0254878200,2018,A01,2018 Annual,875,Hispanic or Latino,Men
LEU0254878200,2019,A01,2019 Annual,882,Hispanic or Latino,Men
LEU0254878200,2020,A01,2020 Annual,951,Hispanic or Latino,Men
LEU0254878200,2021,A01,2021 Annual,985,Hispanic or Latino,Men
LEU0254878200,2022,A01,2022 Annual,1010,Hispanic or Latino,Men
LEU0254878200,2023,A01,2023 Annual,1079,Hispanic or Latino,Men
LEU0254880000,2000,A01,2000 Annual,807,Hispanic or Latino,Men
LEU0254880000,2001,A01,2001 Annual,853,Hispanic or Latino,Men
LEU0254880000,2002,A01,2002 Annual,856,Hispanic or Latino,Men
LEU0254880000,2003,A01,2003 Annual,879,Hispanic or Latino,Men
LEU0254880000,2004,A01,2004 Annual,913,Hispanic or Latino,Men
LEU0254880000,2005,A01,2005 Annual,946,Hispanic or Latino,Men
LEU0254880000,2006,A01,2006 Annual,945,Hispanic or Latino,Men
LEU0254880000,2007,A01,2007 Annual,1005,Hispanic or Latino,Men
LEU0254880000,2008,A01,2008 Annual,1059,Hispanic or Latino,Men
LEU0254880000,2009,A01,2009 Annual,1106,Hispanic or Latino,Men
LEU0254880000,2010,A01,2010 Annual,1065,Hispanic or Latino,Men
LEU0254880000,2011,A01,2011 Annual,1114,Hispanic or Latino,Men
LEU0254880000,2012,A01,2012 Annual,1103,Hispanic or Latino,Men
LEU0254880000,2013,A01,2013 Annual,1184,Hispanic or Latino,Men
LEU0254880000,2014,A01,2014 Annual,1161,Hispanic or Latino,Men
LEU0254880000,2015,A01,2015 Annual,1167,Hispanic or Latino,Men
LEU0254880000,2016,A01,2016 Annual,1246,Hispanic or Latino,Men
LEU0254880000,2017,A01,2017 Annual,1173,Hispanic or Latino,Men
LEU0254880000,2018,A01,2018 Annual,1234,Hispanic or Latino,Men
LEU0254880000,2019,A01,2019 Annual,1290,Hispanic or Latino,Men
LEU0254880000,2020,A01,2020 Annual,1371,Hispanic or Latino,Men
LEU0254880000,2021,A01,2021 Annual,1373,Hispanic or Latino,Men
LEU0254880000,2022,A01,2022 Annual,1499,Hispanic or Latino,Men
LEU0254880000,2023,A01,2023 Annual,1499,Hispanic or Latino,Men
LEU0254881800,2000,A01,2000 Annual,749,Hispanic or Latino,Men
LEU0254881800,2001,A01,2001 Annual,810,Hispanic or Latino,Men
LEU0254881800,2002,A01,2002 Annual,803,Hispanic or Latino,Men
LEU0254881800,2003,A01,2003 Annual,810,Hispanic or Latino,Men
LEU0254881800,2004,A01,2004 Annual,856,Hispanic or Latino,Men
LEU0254881800,2005,A01,2005 Annual,873,Hispanic or Latino,Men
LEU0254881800,2006,A01,2006 Annual,874,Hispanic or Latino,Men
LEU0254881800,2007,A01,2007 Annual,927,Hispanic or Latino,Men
LEU0254881800,2008,A01,2008 Annual,990,Hispanic or Latino,Men
LEU0254881800,2009,A01,2009 Annual,998,Hispanic or Latino,Men
LEU0254881800,2010,A01,2010 Annual,977,Hispanic or Latino,Men
LEU0254881800,2011,A01,2011 Annual,1035,Hispanic or Latino,Men
LEU0254881800,2012,A01,2012 Annual,1002,Hispanic or Latino,Men
LEU0254881800,2013,A01,2013 Annual,1059,Hispanic or Latino,Men
LEU0254881800,2014,A01,2014 Annual,1045,Hispanic or Latino,Men
LEU0254881800,2015,A01,2015 Annual,1068,Hispanic or Latino,Men
LEU0254881800,2016,A01,2016 Annual,1157,Hispanic or Latino,Men
LEU0254881800,2017,A01,2017 Annual,1066,Hispanic or Latino,Men
LEU0254881800,2018,A01,2018 Annual,1115,Hispanic or Latino,Men
LEU0254881800,2019,A01,2019 Annual,1187,Hispanic or Latino,Men
LEU0254881800,2020,A01,2020 Annual,1251,Hispanic or Latino,Men
LEU0254881800,2021,A01,2021 Annual,1251,Hispanic or Latino,Men
LEU0254881800,2022,A01,2022 Annual,1381,Hispanic or Latino,Men
LEU0254881800,2023,A01,2023 Annual,1396,Hispanic or Latino,Men
LEU0254883600,2000,A01,2000 Annual,1031,Hispanic or Latino,Men
LEU0254883600,2001,A01,2001 Annual,954,Hispanic or Latino,Men
LEU0254883600,2002,A01,2002 Annual,1046,Hispanic or Latino,Men
LEU0254883600,2003,A01,2003 Annual,1090,Hispanic or Latino,Men
LEU0254883600,2004,A01,2004 Annual,1149,Hispanic or Latino,Men
LEU0254883600,2005,A01,2005 Annual,1263,Hispanic or Latino,Men
LEU0254883600,2006,A01,2006 Annual,1142,Hispanic or Latino,Men
LEU0254883600,2007,A01,2007 Annual,1248,Hispanic or Latino,Men
LEU0254883600,2008,A01,2008 Annual,1378,Hispanic or Latino,Men
LEU0254883600,2009,A01,2009 Annual,1397,Hispanic or Latino,Men
LEU0254883600,2010,A01,2010 Annual,1387,Hispanic or Latino,Men
LEU0254883600,2011,A01,2011 Annual,1394,Hispanic or Latino,Men
LEU0254883600,2012,A01,2012 Annual,1287,Hispanic or Latino,Men
LEU0254883600,2013,A01,2013 Annual,1477,Hispanic or Latino,Men
LEU0254883600,2014,A01,2014 Annual,1507,Hispanic or Latino,Men
LEU0254883600,2015,A01,2015 Annual,1424,Hispanic or Latino,Men
LEU0254883600,2016,A01,2016 Annual,1518,Hispanic or Latino,Men
LEU0254883600,2017,A01,2017 Annual,1588,Hispanic or Latino,Men
LEU0254883600,2018,A01,2018 Annual,1502,Hispanic or Latino,Men
LEU0254883600,2019,A01,2019 Annual,1551,Hispanic or Latino,Men
LEU0254883600,2020,A01,2020 Annual,1613,Hispanic or Latino,Men
LEU0254883600,2021,A01,2021 Annual,1750,Hispanic or Latino,Men
LEU0254883600,2022,A01,2022 Annual,1757,Hispanic or Latino,Men
LEU0254883600,2023,A01,2023 Annual,1751,Hispanic or Latino,Men
LEU0254875200,2000,A01,2000 Annual,289,Hispanic or Latino,Women
LEU0254875200,2001,A01,2001 Annual,304,Hispanic or Latino,Women
LEU0254875200,2002,A01,2002 Annual,304,Hispanic or Latino,Women
LEU0254875200,2003,A01,2003 Annual,314,Hispanic or Latino,Women
LEU0254875200,2004,A01,2004 Annual,312,Hispanic or Latino,Women
LEU0254875200,2005,A01,2005 Annual,323,Hispanic or Latino,Women
LEU0254875200,2006,A01,2006 Annual,325,Hispanic or Latino,Women
LEU0254875200,2007,A01,2007 Annual,343,Hispanic or Latino,Women
LEU0254875200,2008,A01,2008 Annual,360,Hispanic or Latino,Women
LEU0254875200,2009,A01,2009 Annual,355,Hispanic or Latino,Women
LEU0254875200,2010,A01,2010 Annual,364,Hispanic or Latino,Women
LEU0254875200,2011,A01,2011 Annual,377,Hispanic or Latino,Women
LEU0254875200,2012,A01,2012 Annual,369,Hispanic or Latino,Women
LEU0254875200,2013,A01,2013 Annual,378,Hispanic or Latino,Women
LEU0254875200,2014,A01,2014 Annual,390,Hispanic or Latino,Women
LEU0254875200,2015,A01,2015 Annual,410,Hispanic or Latino,Women
LEU0254875200,2016,A01,2016 Annual,413,Hispanic or Latino,Women
LEU0254875200,2017,A01,2017 Annual,431,Hispanic or Latino,Women
LEU0254875200,2018,A01,2018 Annual,457,Hispanic or Latino,Women
LEU0254875200,2019,A01,2019 Annual,493,Hispanic or Latino,Women
LEU0254875200,2020,A01,2020 Annual,511,Hispanic or Latino,Women
LEU0254875200,2021,A01,2021 Annual,544,Hispanic or Latino,Women
LEU0254875200,2022,A01,2022 Annual,588,Hispanic or Latino,Women
LEU0254875200,2023,A01,2023 Annual,615,Hispanic or Latino,Women
LEU0254877000,2000,A01,2000 Annual,378,Hispanic or Latino,Women
LEU0254877000,2001,A01,2001 Annual,404,Hispanic or Latino,Women
LEU0254877000,2002,A01,2002 Annual,404,Hispanic or Latino,Women
LEU0254877000,2003,A01,2003 Annual,415,Hispanic or Latino,Women
LEU0254877000,2004,A01,2004 Annual,434,Hispanic or Latino,Women
LEU0254877000,2005,A01,2005 Annual,435,Hispanic or Latino,Women
LEU0254877000,2006,A01,2006 Annual,428,Hispanic or Latino,Women
LEU0254877000,2007,A01,2007 Annual,469,Hispanic or Latino,Women
LEU0254877000,2008,A01,2008 Annual,479,Hispanic or Latino,Women
LEU0254877000,2009,A01,2009 Annual,495,Hispanic or Latino,Women
LEU0254877000,2010,A01,2010 Annual,490,Hispanic or Latino,Women
LEU0254877000,2011,A01,2011 Annual,501,Hispanic or Latino,Women
LEU0254877000,2012,A01,2012 Annual,501,Hispanic or Latino,Women
LEU0254877000,2013,A01,2013 Annual,513,Hispanic or Latino,Women
LEU0254877000,2014,A01,2014 Annual,517,Hispanic or Latino,Women
LEU0254877000,2015,A01,2015 Annual,532,Hispanic or Latino,Women
LEU0254877000,2016,A01,2016 Annual,550,Hispanic or Latino,Women
LEU0254877000,2017,A01,2017 Annual,575,Hispanic or Latino,Women
LEU0254877000,2018,A01,2018 Annual,582,Hispanic or Latino,Women
LEU0254877000,2019,A01,2019 Annual,593,Hispanic or Latino,Women
LEU0254877000,2020,A01,2020 Annual,637,Hispanic or Latino,Women
LEU0254877000,2021,A01,2021 Annual,655,Hispanic or Latino,Women
LEU0254877000,2022,A01,2022 Annual,703,Hispanic or Latino,Women
LEU0254877000,2023,A01,2023 Annual,726,Hispanic or Latino,Women
LEU0254878800,2000,A01,2000 Annual,461,Hispanic or Latino,Women
LEU0254878800,2001,A01,2001 Annual,481,Hispanic or Latino,Women
LEU0254878800,2002,A01,2002 Annual,497,Hispanic or Latino,Women
LEU0254878800,2003,A01,2003 Annual,509,Hispanic or Latino,Women
LEU0254878800,2004,A01,2004 Annual,518,Hispanic or Latino,Women
LEU0254878800,2005,A01,2005 Annual,528,Hispanic or Latino,Women
LEU0254878800,2006,A01,2006 Annual,544,Hispanic or Latino,Women
LEU0254878800,2007,A01,2007 Annual,564,Hispanic or Latino,Women
LEU0254878800,2008,A01,2008 Annual,601,Hispanic or Latino,Women
LEU0254878800,2009,A01,2009 Annual,592,Hispanic or Latino,Women
LEU0254878800,2010,A01,2010 Annual,601,Hispanic or Latino,Women
LEU0254878800,2011,A01,2011 Annual,600,Hispanic or Latino,Women
LEU0254878800,2012,A01,2012 Annual,611,Hispanic or Latino,Women
LEU0254878800,2013,A01,2013 Annual,614,Hispanic or Latino,Women
LEU0254878800,2014,A01,2014 Annual,604,Hispanic or Latino,Women
LEU0254878800,2015,A01,2015 Annual,618,Hispanic or Latino,Women
LEU0254878800,2016,A01,2016 Annual,630,Hispanic or Latino,Women
LEU0254878800,2017,A01,2017 Annual,663,Hispanic or Latino,Women
LEU0254878800,2018,A01,2018 Annual,677,Hispanic or Latino,Women
LEU0254878800,2019,A01,2019 Annual,701,Hispanic or Latino,Women
LEU0254878800,2020,A01,2020 Annual,737,Hispanic or Latino,Women
LEU0254878800,2021,A01,2021 Annual,771,Hispanic or Latino,Women
LEU0254878800,2022,A01,2022 Annual,798,Hispanic or Latino,Women
LEU0254878800,2023,A01,2023 Annual,878,Hispanic or Latino,Women
LEU0254880600,2000,A01,2000 Annual,668,Hispanic or Latino,Women
LEU0254880600,2001,A01,2001 Annual,701,Hispanic or Latino,Women
LEU0254880600,2002,A01,2002 Annual,723,Hispanic or Latino,Women
LEU0254880600,2003,A01,2003 Annual,737,Hispanic or Latino,Women
LEU0254880600,2004,A01,2004 Annual,805,Hispanic or Latino,Women
LEU0254880600,2005,A01,2005 Annual,787,Hispanic or Latino,Women
LEU0254880600,2006,A01,2006 Annual,773,Hispanic or Latino,Women
LEU0254880600,2007,A01,2007 Annual,848,Hispanic or Latino,Women
LEU0254880600,2008,A01,2008 Annual,852,Hispanic or Latino,Women
LEU0254880600,2009,A01,2009 Annual,884,Hispanic or Latino,Women
LEU0254880600,2010,A01,2010 Annual,849,Hispanic or Latino,Women
LEU0254880600,2011,A01,2011 Annual,922,Hispanic or Latino,Women
LEU0254880600,2012,A01,2012 Annual,902,Hispanic or Latino,Women
LEU0254880600,2013,A01,2013 Annual,908,Hispanic or Latino,Women
LEU0254880600,2014,A01,2014 Annual,907,Hispanic or Latino,Women
LEU0254880600,2015,A01,2015 Annual,958,Hispanic or Latino,Women
LEU0254880600,2016,A01,2016 Annual,988,Hispanic or Latino,Women
LEU0254880600,2017,A01,2017 Annual,992,Hispanic or Latino,Women
LEU0254880600,2018,A01,2018 Annual,991,Hispanic or Latino,Women
LEU0254880600,2019,A01,2019 Annual,1044,Hispanic or Latino,Women
LEU0254880600,2020,A01,2020 Annual,1125,Hispanic or Latino,Women
LEU0254880600,2021,A01,2021 Annual,1164,Hispanic or Latino,Women
LEU0254880600,2022,A01,2022 Annual,1224,Hispanic or Latino,Women
LEU0254880600,2023,A01,2023 Annual,1259,Hispanic or Latino,Women
LEU0254882400,2000,A01,2000 Annual,631,Hispanic or Latino,Women
LEU0254882400,2001,A01,2001 Annual,662,Hispanic or Latino,Women
LEU0254882400,2002,A01,2002 Annual,678,Hispanic or Latino,Women
LEU0254882400,2003,A01,2003 Annual,694,Hispanic or Latino,Women
LEU0254882400,2004,A01,2004 Annual,755,Hispanic or Latino,Women
LEU0254882400,2005,A01,2005 Annual,744,Hispanic or Latino,Women
LEU0254882400,2006,A01,2006 Annual,735,Hispanic or Latino,Women
LEU0254882400,2007,A01,2007 Annual,795,Hispanic or Latino,Women
LEU0254882400,2008,A01,2008 Annual,802,Hispanic or Latino,Women
LEU0254882400,2009,A01,2009 Annual,806,Hispanic or Latino,Women
LEU0254882400,2010,A01,2010 Annual,771,Hispanic or Latino,Women
LEU0254882400,2011,A01,2011 Annual,862,Hispanic or Latino,Women
LEU0254882400,2012,A01,2012 Annual,818,Hispanic or Latino,Women
LEU0254882400,2013,A01,2013 Annual,842,Hispanic or Latino,Women
LEU0254882400,2014,A01,2014 Annual,852,Hispanic or Latino,Women
LEU0254882400,2015,A01,2015 Annual,893,Hispanic or Latino,Women
LEU0254882400,2016,A01,2016 Annual,910,Hispanic or Latino,Women
LEU0254882400,2017,A01,2017 Annual,915,Hispanic or Latino,Women
LEU0254882400,2018,A01,2018 Annual,914,Hispanic or Latino,Women
LEU0254882400,2019,A01,2019 Annual,934,Hispanic or Latino,Women
LEU0254882400,2020,A01,2020 Annual,1000,Hispanic or Latino,Women
LEU0254882400,2021,A01,2021 Annual,1068,Hispanic or Latino,Women
LEU0254882400,2022,A01,2022 Annual,1119,Hispanic or Latino,Women
LEU0254882400,2023,A01,2023 Annual,1150,Hispanic or Latino,Women
LEU0254884200,2000,A01,2000 Annual,817,Hispanic or Latino,Women
LEU0254884200,2001,A01,2001 Annual,822,Hispanic or Latino,Women
LEU0254884200,2002,A01,2002 Annual,782,Hispanic or Latino,Women
LEU0254884200,2003,A01,2003 Annual,833,Hispanic or Latino,Women
LEU0254884200,2004,A01,2004 Annual,924,Hispanic or Latino,Women
LEU0254884200,2005,A01,2005 Annual,931,Hispanic or Latino,Women
LEU0254884200,2006,A01,2006 Annual,954,Hispanic or Latino,Women
LEU0254884200,2007,A01,2007 Annual,987,Hispanic or Latino,Women
LEU0254884200,2008,A01,2008 Annual,1007,Hispanic or Latino,Women
LEU0254884200,2009,A01,2009 Annual,1152,Hispanic or Latino,Women
LEU0254884200,2010,A01,2010 Annual,1126,Hispanic or Latino,Women
LEU0254884200,2011,A01,2011 Annual,1078,Hispanic or Latino,Women
LEU0254884200,2012,A01,2012 Annual,1093,Hispanic or Latino,Women
LEU0254884200,2013,A01,2013 Annual,1045,Hispanic or Latino,Women
LEU0254884200,2014,A01,2014 Annual,1049,Hispanic or Latino,Women
LEU0254884200,2015,A01,2015 Annual,1106,Hispanic or Latino,Women
LEU0254884200,2016,A01,2016 Annual,1141,Hispanic or Latino,Women
LEU0254884200,2017,A01,2017 Annual,1155,Hispanic or Latino,Women
LEU0254884200,2018,A01,2018 Annual,1158,Hispanic or Latino,Women
LEU0254884200,2019,A01,2019 Annual,1353,Hispanic or Latino,Women
LEU0254884200,2020,A01,2020 Annual,1403,Hispanic or Latino,Women
LEU0254884200,2021,A01,2021 Annual,1401,Hispanic or Latino,Women
LEU0254884200,2022,A01,2022 Annual,1424,Hispanic or Latino,Women
LEU0254884200,2023,A01,2023 Annual,1511,Hispanic or Latino,Women